all_core_COGs,eggnog_A,eggnog_C,eggnog_D,eggnog_E,eggnog_F,eggnog_G,eggnog_H,eggnog_I,eggnog_J,eggnog_K,eggnog_L,eggnog_M,eggnog_N,eggnog_O,eggnog_P,eggnog_Q,eggnog_T,eggnog_U,eggnog_V,eggnog_S,eggnog_NA,eggnog_NH,eggnog_mixed
AAK74287.1-ACO22525.1-ADM90252.1-,dnaJ,ACO22054.1-ADM84910.1-,ABJ55215.1,ACO22405.1,ACO21466.1-nudC-,AAK76188.1-ABJ54352.1-ADM85711.1-,ABJ55205.1,ADM85025.1-group_9939-,ABJ53736.1,AAK74287.1-ACO22525.1-ADM90252.1-,ABJ54146.1,AAK75964.1,,ADM84021.1,AAK75684.1,axeA-group_3427-,ABJ54940.1,AAK76112.1-group_7845-,ABJ54249.1,AAK74310.1-ACO22976.1-,AAK74609.1,AAK74982.1,AAK75329.1
AAK74310.1-ACO22976.1-,exoA,acoA,CAR67874.1,ADM91045.1-group_8832-,accA,ABJ53757.1-CBW32023.1-group_8119-,CAR69519.1,accB,ACF56445.1,AAK74343.1-ACO21371.1-group_6601-,ABJ55182.1,ABC75809.1,,ADM85713.1-CBW33536.1-group_11777-,AAK75705.1-cadD-group_1159-,group_11813-paaI-,ACO22480.1,alsT-group_11332-,ABJ54284.1,AAK74342.1-ACO20779.1-group_6600-,AAK74630.1-ADM84068.1-CAR68281.1-,ADM84637.1,ABJ54466.1-ADM85624.1-
AAK74342.1-ACO20779.1-group_6600-,group_10256-rny-,acyP,crcB_1-group_9542-,alaA,ackA-group_17327-,ACF55102.1,CBW33474.1-group_9183-,accC,ACO20192.1,AAK75520.1,ACO22590.1-ADM84203.1-,ACO20236.1,,CBW32222.1,AAK76084.1,rebM,ADM84243.1,aqpZ2-group_13281-,ACF54994.1-group_11528-vanZ-,AAK74378.1-ACO23106.1-,AAK75031.1,ADM84824.1,ABJ54774.1
AAK74343.1-ACO21371.1-group_6601-,rnhC,adhA,crcB_2,alr,adk,ACO23463.1,aldC-group_13014-,accD,CBW32763.1-group_8442-group_8445-,AAK76178.1-ADM92311.1-,ADM83780.1,ACO20655.1-CAR68539.1-group_16542-,,bsaA-group_11068-,ABJ54438.1,ubiE,CAR68407.1,ffh,CAR69488.1-ylmA-,AAK74672.1-ABJ53721.1-CAR68310.1-,AAK75156.1-ACF56157.1-ACO21835.1-ACO23982.1-group_13507-,ADM85035.1,ADM91469.1-group_15550-
AAK74378.1-ACO23106.1-,,adhE,divIB,amiA-group_14704-,aguA,ACO23797.1-ADM90246.1-CAR67962.1-group_9003-,apbE-group_11347-,acpA,CBW32933.1,ACF56441.1,ADM91674.1,ADM84761.1-CBW32582.1-,,clpC_2-group_17103-,ADM83817.1-group_8436-,ubiE_1,gdpP,ftsY,bceB-group_4027-group_4031-,AAK74704.1,AAK75330.1,ADM85684.1,ansB-group_27777-
AAK74609.1,,adh_1-group_9124-,engB,arnB-group_11312-,apt-group_17950-,PTS-EIIC-group_27599-group_27607-group_27608-,coaBC_1-group_9278-,acpS,alaS,ACO23225.1,CAR69812.1-group_9812-,ADM85067.1-capA_1-,,clpX-group_14312-,ADM90666.1-CAR68320.1-CBW32142.1-,,group_13911-group_13913-relA-,gla,ecsA_1,AAK74987.1-ACO22271.1-,AAK75786.1-group_15185-,,artP_1
AAK74630.1-ADM84068.1-CAR68281.1-,,adh_2-group_11106-,ezrA,aroD,aroA,agaA_2-group_14742-nagA-,coaBC_2,bcrC,argR_2,ADM85667.1,addA,arnC_1,,dnaK,ADM90732.1-CBW32208.1-,,group_15082-saeS-,glpF-group_10731-,femA,AAK75027.2-ACO22748.1-,AAK76013.1-group_13068-,,bglK_1
AAK74672.1-ABJ53721.1-CAR68310.1-,,atpB,ftsA,aroF-group_14689-,aroB,agaC,coaE,cls,argS,CAR69550.1-group_16044-group_16046-,comFA-group_7556-,cotS,,dsbD_1,ADM90838.1-CBW32310.1-,,group_15144-ybeZ-,group_11515-misCA-,femX-group_9293-,AAK75320.1-ACO20215.1-,ABJ53609.1,,bglK_2-group_7886-
AAK74704.1,,atpD-group_15030-,ftsE,aroG-group_28278-,aroC,agaS-group_13369-group_13373-group_13387-,dus,fabD,asnS,CBW32002.1,ddlB,cpoA,,ftsH,CBW32417.1,,group_15517-typA-,group_15177-secA-,group_12478-yeeO-,AAK75363.1-group_10886-,ABJ54038.1,,bta
AAK74982.1,,bfmBAB,ftsK-group_12343-,asd-group_13045-,aroE,amyS,fpgS_1,fabF,aspS-group_16121-,CBW32984.1,dnaA,csbB-group_8699-,,groL-group_17321-,adcA-group_5858-group_5859-,,group_7622-vraS-,group_17315-oppC-,group_15795-lolD-,AAK75470.1,ABJ54308.1,,cglD
AAK74987.1-ACO22271.1-,,cutC_1,ftsL,aspB-group_2816-,aroL,araD,fsaA,fabH,cca,adcR-group_17349-,dnaC,cugP-group_17254-,,groS-group_8646-,araQ_1-group_17291-,,msrC,ribU,group_28121-group_28127-lagD_1-,AAK75502.1,ABJ54319.1-CAR68825.1-,,clpP
AAK75027.2-ACO22748.1-,,fer,ftsW-group_14026-,aspC1-patA-,asnA,argR_1,galK_1,fabM,cysS,agrA_2,dnaD,dacA,,group_10544-msrAB-,artM_1,,phoR-sasA_2-,secE,group_3327-lagD_2-,AAK75584.1-group_6736-spaP-,ABJ54887.1-CBW33346.1-,,cpnA
AAK75031.1,,gap-group_16532-,ftsX,braC,atpA-group_14305-,bga-group_27815-group_27818-group_27820-group_27821-,gatC_2-group_14616-,fabZ,def_1-group_8272-,argR_3,dnaE2,dgkA,,group_11137-msrAB1-,brnQ,,phpP,secG,norM,AAK75620.1,ABJ55136.1,,dltC-group_28148-
AAK75156.1-ACF56157.1-ACO21835.1-ACO23982.1-group_13507-,,gldA,ftsZ,cppA-group_9543-,atpC-group_15548-,bglA-bglA_2-bglH_1-group_4578-group_4584-group_4588-,gnd-group_16602-,galK_2,def_2,arlR_1,dnaG-group_7607-,dltB-group_12802-group_12805-,,group_11150-yghU-,btuD_1-group_8088-,,sasA_1,secY,,AAK75635.1-ADM85157.1-group_7481-,ABJ55483.1,,fabG
AAK75320.1-ACO20215.1-,,glpO-group_11204-,group_14223-stkP-,dapA,atpE,bglF-group_8174-,group_11741-lacC_1-,gpsA,dtd,arlR_2,dnaN,dltD-group_7413-group_7416-group_7418-group_7420-,,group_15413-pepO-,corA-group_27830-group_27831-,,vncS,yajC,,AAK75829.1-ACO20713.1-,ACF54761.1,,glnH_1
AAK75329.1,,gor-group_2823-group_2824-,group_15563-rodA-,dapB,atpF,bglH-bglH_2-group_7772-,group_14619-ilvB-,group_10166-group_10168-mvd1-,efp,atxA-group_8326-,dnaQ-polC_2-,eep,,group_15661-htrA-,ctpE-group_9014-group_9015-,,walK,yajC-1,,AAK75985.1,ACF55488.1,,gmuE-group_15882-
AAK75330.1,,group_12851-yumC-,group_16521-mnmG-,dapH-group_28216-,atpG,celA_2,group_14681-thiI-,group_11173-oatA-,fmt,birA,dprA,epsH,,group_16821-htpX-,cutC_2-group_8842-,,yehU,yidC2,,AAK76055.1-ADM92117.1-,ACF56427.1-ADM84148.1-CBW32176.1-group_11120-,,group_12034-group_12039-resA_2-
AAK75363.1-group_10886-,,group_13914-mvaA-,group_8562-group_8563-tig-,glnA-group_12729-,atpH,deoB,group_15438-zwf-,group_12722-mvaK2-,frr,brpA-group_15212-,group_10067-rlmL-,galE,,group_17258-nrdH-,cysA,,yfkJ,yjhB,,ABJ53687.1,ACO20993.1,,group_12980-hit-
AAK75470.1,,group_14243-nox-,mapZ,glnQ_1,carA-group_17899-,dxs-group_12550-,group_19264-pdxS-,group_14509-plsC-,fus,ccpA_2-group_27846-,group_10745-ruvA-,glmS-group_13837-,,group_18664-group_18665-trxA-,czcD,,ylbL,,,ABJ53724.1-CAR69566.1-,ACO21207.1-ACO23331.1-,,group_13577-phoP-
AAK75502.1,,group_15009-group_15011-rclA-,mreC,gloA,carB,eno,group_28076-ribE-,mvaS,gatA-group_11964-group_11965-,codY,group_10917-ycfH-,glmU,,group_8610-prsA-,ecfT_1,,,,,ABJ53785.1-group_12136-,ACO21342.1,,group_15588-oppD-
AAK75520.1,,group_9412-group_9414-niaR-,scpA,group_10241-patB-,cdd,galT,group_28186-ribH-,pgpB,gatB-group_28346-,copY,group_11087-group_11088-uvrB-,group_10203-group_10204-murD-,,hslO,ecfT_2-group_12977-,,,,,ABJ54205.1-ADM85629.1-ADM92245.1-,ACO21439.1,,group_16212-pabA-
AAK75584.1-group_6736-spaP-,,iscU,scpB,group_11148-sufS-,cmk,glcK,group_28285-ribBA-,pgsA,gltX,ctsR,group_11602-gyrA-,group_10247-lnpD-,,pcp_2,ecsA_2,,,,,ABJ54318.1-group_12916-,ACO21490.1-blpT-,,group_4223-group_4224-group_4226-group_4227-strH-
AAK75620.1,,ldh,sepF,group_13532-metAA-,coaA,glmM,group_28312-ribD-,plsX,glyQ,cysB,group_11876-pcrA-,group_10912-mshD_2-,,smpB,fatD,,,,,ABJ54487.1-ADM83933.1-,ACO21661.1,,group_7640-menF-
AAK75635.1-ADM85157.1-group_7481-,,lpd,smc,group_13984-group_13996-ykuR-,coaD-group_7384-,gmuA,group_8825-group_8826-thiE_2-,plsY,glyS,dasR-group_27685-group_27689-group_27691-group_27692-group_27697-,group_12373-recG-,group_13274-group_13278-yknX-,,sufB_1,fecE,,,,,ABJ54927.1,ACO21858.1,,group_7750-group_7751-yfmL-
AAK75684.1,,metF,,group_14587-group_14589-sdhB-,cshA-group_13684-,gmuB,hemN,,group_10853-mutL-,desR-group_4723-,group_13251-holB-,group_13922-wcaJ-,,sufC,fepD-group_16777-,,,,,ABJ54942.1-CBW33520.1-,ACO21894.1-group_18651-,,idnO
AAK75705.1-cadD-group_1159-,,nfrA2,,group_15083-sdhA-,cshB,gmuD_1,ispA,,group_10861-rplGA-,dtxR,group_13918-group_13920-rarA-,group_15971-metQ-,,sufD,fhuC,,,,,ABJ55045.1-group_13047-,ACO21926.1-ACO22873.1-,,licB
AAK75786.1-group_15185-,,nrdG,,group_16031-metI-,ddl,gmuD_2,lplJ,,group_11721-group_11728-ydaF_5-,ethR,group_14056-parC-,group_2069-prtP-,,tsaB,fieF,,,,,ABJ55057.1,ACO22305.1-ADM84144.1-,,lspA
AAK75829.1-ACO20713.1-,,pdhC,,group_17204-ypdF-,deoC,gpmA_1-group_14599-group_14601-,metK,,group_11800-truB-,gabR,group_14517-xerS-,group_28130-murI-,,,glnQ_4,,,,,ABJ55104.1,ACO22687.1,,mecA
AAK75964.1,,pepV,,group_17924-map-,deoD_1,gpmA_2,nadD,,group_12315-ydaF_2-,glnR,group_14658-ung-,group_3618-xlyA-,,,glpE,,,,,ABJ55288.1,ACO23207.1,,nanA_2
AAK75985.1,,pflA,,group_18589-spsB-,dltA-group_12504-,gpmA_3-group_8534-,ogt,,group_12811-group_12815-rimM-,gmuR,group_15569-ssb_1-,group_4561-hepC-,,,group_10580-mglC-,,,,,ACF54806.1-ACO21410.1-CAR68660.1-,ACO23718.1,,resA_1
AAK76013.1-group_13068-,,pox5,,group_4574-iscS_1-,dut,group_10421-scrA-,pncB2,,group_13271-grpE-,greA,group_28322-group_28323-uvrA-,group_8539-group_8541-rr06-1-,,,group_10879-group_10881-ydcV-,,,,,ACF55393.1-ADM83830.1-CAR68040.1-,ACO24138.1-group_11373-,,tcyJ
AAK76055.1-ADM92117.1-,,ppaC,,group_5938-sarA_1-,ecfA1,group_10829-lacE_2-,pnuC,,group_14236-lysS-,group_10366-licT_2-,group_5880-mutY-,gtaB,,,group_10977-tcyA-,,,,,ACF55500.1,ADM84349.1-CAR68547.1-CBW32363.1-,,ytpP
AAK76084.1,,pta,,group_6375-ygaZ-,ecfA2,group_11047-ptsG_2-,ribF,,group_14474-rnmV-,group_12523-slmA-,group_6709-mapP-,lgt,,,group_11055-pacS-,,,,,ACF55507.1,ADM84979.1,,
AAK76112.1-group_7845-,,sodA,,group_6827-thrC-,endA-group_9140-,group_11351-licC_1-,rsmI,,group_14757-group_14765-rpmF-,group_12850-nusB-,group_8682-recD2-,licD1,,,group_11074-group_11079-ycjP-,,,,,ACF55555.1,ADM85443.1,,
AAK76178.1-ADM92311.1-,,trxB,,group_7629-group_7630-group_7633-pepF1_1-,fba-group_4498-,group_11457-treA-,sulA,,group_15156-prfB-,group_12881-yeeN-,group_9289-topA-,licD2,,,group_13017-potB-,,,,,ACF55626.1,ADM90352.1,,
AAK76188.1-ABJ54352.1-ADM85711.1-,,tyrC,,group_8383-metY-,fhs1-group_9080-,group_11570-suhB-,tarI,,group_15513-rplK-,group_14941-group_14942-group_14943-guaB_3-,group_9561-ligA-,licD3,,,group_13035-group_13036-yfmC-,,,,,ACF55719.1,ADM92125.1-group_8303-,,
ABC75809.1,,ugpQ,,group_8570-metE-,fni,group_12060-group_12062-tabA-,thiD,,group_15561-rpsT-,group_15067-rpoB-,gyrB,lytB,,,group_13201-group_13202-,,,,,ACF55883.1,CAR68026.1-group_9916-,,
ABJ53609.1,,,,hom,folD-group_12049-,group_12619-pyk-,thiE_1,,group_15970-mnmA-,group_15106-group_15108-nusA-,hsdR_2,mgtA,,,group_13625-ugpA-,,,,,ACF56015.1,CAR68440.1,,
ABJ53687.1,,,,ilvA,folE,group_12908-group_12910-malX-,thiN,,group_16726-rnpA-,group_16356-regX3-,mfd,mraY,,,group_13771-pacL-,,,,,ACF56083.1,CAR69603.1-group_9200-,,
ABJ53724.1-CAR69566.1-,,,,ilvE,glgA-group_13745-,group_12962-kdgK-,trpE,,group_16770-rimP-,group_17225-hrcA-,mutM,mreD,,,group_13822-metP-,,,,,ACF56200.1,CBW31879.1,,
ABJ53736.1,,,,ilvH,glyA-group_11557-group_11558-,group_13766-group_13767-pgcA-,uppS,,group_17233-rbfA-,group_17271-rex-,mutS2,mshA,,,group_13904-group_13905-group_13906-yknY_3-,,,,,ACF56341.1-group_27997-,CBW32295.1-group_6935-,,
ABJ53757.1-CBW32023.1-group_8119-,,,,iscS_2,gmk,group_13802-group_13807-group_13808-manX_2-,,,group_19513-rpsI-,group_17882-ylxR-,nudF,mtgA,,,group_14582-ktrB-,,,,,ACF56577.1,CBW32356.1-group_13056-,,
ABJ53785.1-group_12136-,,,,livF,group_10271-trpA-,group_15977-manZ_2-,,,group_27910-rpsD-,group_27653-nrdR-,parE,murA1_1,,,group_14635,,,,,ACO20179.1,CBW33058.1,,
ABJ54038.1,,,,lptB,group_10876-thiM_2-,group_16017-xylH-,,,group_27912-rplA-,group_6727-tenA_2-,pdg,murB,,,group_15091-metN-,,,,,ACO20182.1,capA,,
ABJ54146.1,,,,lysA,group_11031-group_11037-pucK-,group_27548-group_27550-group_27554-group_27557-,,,group_27918-group_27927-rpmGA-,group_7756-group_7758-group_7761-liaR-,polA,murE,,,group_16593-ktrA-,,,,,ACO20526.1-group_13520-,cibA-group_9051-,,
ABJ54205.1-ADM85629.1-ADM92245.1-,,,,metZ,group_11128-group_11129-pyrF-,group_27567-group_27569-sorB-,,,group_27967-group_27970-rplM-,group_8123-group_8124-group_8125-group_8126-group_8127-,priA,murF_1,,,group_17294-yesO_2-,,,,,ACO20568.1-CAR69400.1-,cinA2-group_13078-,,
ABJ54249.1,,,,mtnN,group_11731-murA1_2-,group_3-group_9-tag-,,,group_28001-group_28004-rpsP-,group_8350-group_8353-spiR1-,radA,murF_2,,,group_18692-znuC-,,,,,ACO20612.1-group_2072-,group_4565-niaX-,,
ABJ54284.1,,,,neuA,group_11790-group_11792-purK-,group_3862-group_3865-nanE-nanE_1-,,,group_28159-rpsB-,group_8569-paiA-,recA,murG,,,group_19563-znuB-,,,,,ACO20690.1,group_8862-sapR-,,
ABJ54308.1,,,,nspC,group_11928-group_11931-group_11932-group_11933-purE-,group_6204-treP-,,,group_28193-rpmE2-,group_9790-ybbH-,recF,pbpF,,,group_27757-spxA_1-,,,,,ACO20914.1-CBW32811.1-,hlyB,,
ABJ54318.1-group_12916-,,,,oppF,group_12043-proB-,group_6526-mngB-,,,group_6749-group_6750-prfA-,hdfR,recJ,pbpX,,,group_6134-nirC-,,,,,ACO20936.1-ACO23801.1-group_11353-,polC_1,,
ABJ54319.1-CAR68825.1-,,,,pepA_1,group_12997-guaA-,group_8629-pgdA-,,,group_7316-rsuA_2-,kdgR,recN,penA,,,group_6621-ycjO-,,,,,ACO20962.1-CBW33468.1-,,,
ABJ54438.1,,,,pepC,group_13365-group_13367-tadA-tadA_2-,gtfA,,,group_8104-rsuA_1-,kstR2,recO,pglJ,,,group_8794-group_8797-group_8803-group_8806-metN2-,,,,,ACO21098.1,,,
ABJ54466.1-ADM85624.1-,,,,pepF1_2,group_14289-tmk-,kdgA,,,group_8393-truC-,lacR_1,recR,ponA,,,lacF_1,,,,,ACO21284.1,,,
ABJ54487.1-ADM83933.1-,,,,pepS,group_14401-tdk-,lacA,,,group_9786-metG-,lacR_2,recU,rpsO_2,,,livH,,,,,ACO21499.1,,,
ABJ54774.1,,,,pheA,group_15200-trpB-,lacB,,,hpf,lacR_3,rexB,srtA,,,livM,,,,,ACO21520.1,,,
ABJ54887.1-CBW33346.1-,,,,potA,group_15431-trpD-,lacF_3,,,hslR,licR,rsmD,thiK,,,mglA,,,,,ACO21915.1-CAR69565.1-,,,
ABJ54927.1,,,,potD,group_15952-group_15955-purA-,lacG_2,,,ileS,lytR_1,ruvB_2,tmpC,,,mgsR,,,,,ACO22053.1-ADM84527.1-,,,
ABJ54940.1,,,,proC,group_16005-nrdE1-,levE_1,,,infA,marR,xerD,ykuT,,,mltF,,,,,ACO22250.1-CAR69580.1-,,,
ABJ54942.1-CBW33520.1-,,,,radC,group_17150-pgi-,licA,,,infB-lepA_2-,murC,yabA,,,,mltF_2,,,,,ACO22373.1-CAR68466.1-,,,
ABJ55045.1-group_13047-,,,,sarA_3,group_18613-mutX-,manX,,,infC,nusG,yqeN,,,,mntB,,,,,ACO22378.1,,,
ABJ55057.1,,,,yclM,group_19409-nrdF-,manX_1,,,miaA,phnO,yrrK,,,,modB,,,,,ACO22427.1,,,
ABJ55104.1,,,,,group_27586-group_27590-purM-,msmE,,,mnmE,phoB,,,,,mtcA1,,,,,ACO22492.1,,,
ABJ55136.1,,,,,group_27701-malP-,pgl,,,mrnC,purR,,,,,nhaK,,,,,ACO22878.1,,,
ABJ55182.1,,,,,group_27876-group_27878-purB-,ptsH,,,pheS,recX,,,,,opuBA,,,,,ACO23074.1-CAR69808.1-,,,
ABJ55205.1,,,,,group_27897-malQ-,rpe,,,pheT_1,rpoA,,,,,opuCC,,,,,ACO23136.1-ADM90315.1-,,,
ABJ55215.1,,,,,group_28012-tgt-,scrB,,,prfC,rpoC,,,,,phnA,,,,,ACO23347.1,,,
ABJ55288.1,,,,,group_28055-group_28062-purF-,sorA,,,prmC,rpoE,,,,,phoU_1,,,,,ACO23921.1,,,
ABJ55483.1,,,,,group_28204-group_28205-nrdD_2-,tkt_1,,,proS,rpoZ,,,,,phoU_2,,,,,ACO23994.1,,,
ACF54761.1,,,,,group_28246-group_28247-purL-,ulaB,,,pth,saeR,,,,,psaA,,,,,ACO24058.1,,,
ACF54806.1-ACO21410.1-CAR68660.1-,,,,,group_28261-group_28262-group_28265-purC-,ulaD,,,rlmH,sigA,,,,,pstA_1,,,,,ACO24111.1,,,
ACF54994.1-group_11528-vanZ-,,,,,group_4633,yutF,,,rlmI,slyA,,,,,pstA_2,,,,,ADM83772.1,,,
ACF55102.1,,,,,group_5461-prs-,,,,rlmN,spo0J,,,,,pstB3_2,,,,,ADM84297.1,,,
ACF55393.1-ADM83830.1-CAR68040.1-,,,,,group_7501-thiM_1-,,,,rluB,spxA_2,,,,,pstB3_3,,,,,ADM84422.1,,,
ACF55488.1,,,,,group_8403-udk_1-,,,,rluD_1,tenA_1,,,,,pstC,,,,,ADM84679.1,,,
ACF55500.1,,,,,guaB,,,,rluD_2,treR,,,,,pstC_2,,,,,ADM84690.1,,,
ACF55507.1,,,,,guaC,,,,rnc,walR,,,,,pstS1,,,,,ADM84692.1,,,
ACF55555.1,,,,,hprK,,,,rnj1,whiA,,,,,pstS2,,,,,ADM84762.1-ADM91357.1-,,,
ACF55626.1,,,,,hpt,,,,rnj2,ydjF,,,,,ribX,,,,,ADM85023.1,,,
ACF55719.1,,,,,ilvC,,,,rnr,yloA,,,,,rsgA_2-yheH_2-,,,,,ADM85374.1,,,
ACF55883.1,,,,,lacC-2-lacC_2-,,,,rnz,ytrA,,,,,shetA,,,,,ADM85602.1,,,
ACF56015.1,,,,,mtaD,,,,rplB,yvoA,,,,,skfE,,,,,ADM85634.1-group_13120-group_13121-,,,
ACF56083.1,,,,,nadE,,,,rplC,ywnA,,,,,sstT,,,,,ADM90251.1-group_12953-group_12956-,,,
ACF56200.1,,,,,nadK,,,,rplD,,,,,,sugC,,,,,ADM90257.1-CAR67974.1-group_8186-,,,
ACF56341.1-group_27997-,,,,,nagB,,,,rplE,,,,,,tcyC,,,,,ADM90697.1,,,
ACF56427.1-ADM84148.1-CBW32176.1-group_11120-,,,,,ndk,,,,rplF,,,,,,thiY,,,,,ADM91052.1,,,
ACF56441.1,,,,,nrdD,,,,rplI,,,,,,trkA,,,,,ADM91130.1,,,
ACF56445.1,,,,,pdp,,,,rplN,,,,,,trkG,,,,,ADM91288.1-CAR68852.1-,,,
ACF56577.1,,,,,pdxT,,,,rplO,,,,,,yclQ,,,,,ADM91322.1,,,
ACO20179.1,,,,,pfkA,,,,rplP,,,,,,yecS,,,,,ADM91689.1,,,
ACO20182.1,,,,,pgk,,,,rplQ,,,,,,yfhA,,,,,ADM92057.1-CBW33348.1-,,,
ACO20192.1,,,,,proA,,,,rplR,,,,,,yknY_2,,,,,ADM92410.1-CBW33610.1-,,,
ACO20236.1,,,,,prs2,,,,rplS,,,,,,yusV,,,,,CAR68455.1,,,
ACO20526.1-group_13520-,,,,,punA,,,,rplT,,,,,,yxeN,,,,,CAR68548.1-CBW32364.1-,,,
ACO20568.1-CAR69400.1-,,,,,pyrB,,,,rplU,,,,,,,,,,,CAR69130.1,,,
ACO20612.1-group_2072-,,,,,pyrC,,,,rplV,,,,,,,,,,,CAR69174.1,,,
ACO20655.1-CAR68539.1-group_16542-,,,,,pyrDA,,,,rplW,,,,,,,,,,,CAR69500.1,,,
ACO20690.1,,,,,pyrDB,,,,rplX,,,,,,,,,,,CAR69621.1,,,
ACO20914.1-CBW32811.1-,,,,,pyrG,,,,rpmA,,,,,,,,,,,CAR69639.1,,,
ACO20936.1-ACO23801.1-group_11353-,,,,,pyrH,,,,rpmB,,,,,,,,,,,CBW32173.1,,,
ACO20962.1-CBW33468.1-,,,,,pyrR,,,,rpmC,,,,,,,,,,,CBW32260.1,,,
ACO20993.1,,,,,queA,,,,rpmD,,,,,,,,,,,CBW33230.1,,,
ACO21098.1,,,,,rdgB,,,,rpmH,,,,,,,,,,,CBW33305.1,,,
ACO21207.1-ACO23331.1-,,,,,rpiA,,,,rpmI,,,,,,,,,,,CBW33594.1,,,
ACO21284.1,,,,,sasA_3,,,,rpmJ,,,,,,,,,,,CBW33619.1,,,
ACO21342.1,,,,,sulD,,,,rpsA,,,,,,,,,,,aguB,,,
ACO21439.1,,,,,tadA_1,,,,rpsC,,,,,,,,,,,albF,,,
ACO21466.1-nudC-,,,,,tarJ,,,,rpsE,,,,,,,,,,,asp,,,
ACO21490.1-blpT-,,,,,thrB,,,,rpsF,,,,,,,,,,,axe1-6A,,,
ACO21499.1,,,,,thyA,,,,rpsG,,,,,,,,,,,bioY2-group_6653-,,,
ACO21520.1,,,,,tkt_2,,,,rpsH,,,,,,,,,,,cdaA-group_12352-,,,
ACO21661.1,,,,,tpiA,,,,rpsJ,,,,,,,,,,,cdaR,,,
ACO21858.1,,,,,trpF,,,,rpsK,,,,,,,,,,,cdsA,,,
ACO21894.1-group_18651-,,,,,udk_2,,,,rpsL,,,,,,,,,,,chrR,,,
ACO21915.1-CAR69565.1-,,,,,upp,,,,rpsM,,,,,,,,,,,cinA-group_9134-,,,
ACO21926.1-ACO22873.1-,,,,,xpt,,,,rpsN2,,,,,,,,,,,cof-group_27620-,,,
ACO22053.1-ADM84527.1-,,,,,,,,,rpsO,,,,,,,,,,,coiA,,,
ACO22054.1-ADM84910.1-,,,,,,,,,rpsQ,,,,,,,,,,,comFC,,,
ACO22250.1-CAR69580.1-,,,,,,,,,rpsR,,,,,,,,,,,corC-group_10416-tlyC-,,,
ACO22305.1-ADM84144.1-,,,,,,,,,rpsS,,,,,,,,,,,cvfB,,,
ACO22373.1-CAR68466.1-,,,,,,,,,rpsU,,,,,,,,,,,cvpA,,,
ACO22378.1,,,,,,,,,rsfS,,,,,,,,,,,degV-group_13530-,,,
ACO22405.1,,,,,,,,,rsmA,,,,,,,,,,,der-group_18653-,,,
ACO22427.1,,,,,,,,,rsmB,,,,,,,,,,,epuA-group_11497-,,,
ACO22480.1,,,,,,,,,rsmC,,,,,,,,,,,era,,,
ACO22492.1,,,,,,,,,rsmE,,,,,,,,,,,ettA_2-group_5470-group_5471-,,,
ACO22590.1-ADM84203.1-,,,,,,,,,rsmF,,,,,,,,,,,fabK,,,
ACO22687.1,,,,,,,,,rsmG,,,,,,,,,,,glpE_1-group_15960-,,,
ACO22878.1,,,,,,,,,rsmH,,,,,,,,,,,gluP,,,
ACO23074.1-CAR69808.1-,,,,,,,,,rsmH_2,,,,,,,,,,,gph_1,,,
ACO23136.1-ADM90315.1-,,,,,,,,,serS,,,,,,,,,,,gph_2-group_8098-,,,
ACO23207.1,,,,,,,,,thrS,,,,,,,,,,,group_11143-nrnA-,,,
ACO23225.1,,,,,,,,,tilS,,,,,,,,,,,group_12053-hmpT-,,,
ACO23347.1,,,,,,,,,tlyA,,,,,,,,,,,group_12131-malA-,,,
ACO23463.1,,,,,,,,,trmB,,,,,,,,,,,group_12156-pbuO-,,,
ACO23718.1,,,,,,,,,trmFO,,,,,,,,,,,group_12902-yfiC-,,,
ACO23797.1-ADM90246.1-CAR67962.1-group_9003-,,,,,,,,,trmL,,,,,,,,,,,group_12992-ykoE-,,,
ACO23921.1,,,,,,,,,trpS2,,,,,,,,,,,group_13153-mupP-,,,
ACO23994.1,,,,,,,,,truA,,,,,,,,,,,group_13468-hcaB-,,,
ACO24058.1,,,,,,,,,tyrS,,,,,,,,,,,group_13773-obg-,,,
ACO24111.1,,,,,,,,,uvrC,,,,,,,,,,,group_14219-liaF-,,,
ACO24138.1-group_11373-,,,,,,,,,valS,,,,,,,,,,,group_14240-nfr2-,,,
ADM83772.1,,,,,,,,,xseA,,,,,,,,,,,group_14255-yycJ-,,,
ADM83780.1,,,,,,,,,xseB,,,,,,,,,,,group_14459-yjjP-,,,
ADM83817.1-group_8436-,,,,,,,,,yabJ,,,,,,,,,,,group_14676-pcm-,,,
ADM84021.1,,,,,,,,,ybeY,,,,,,,,,,,group_14767-yigZ-,,,
ADM84243.1,,,,,,,,,ychF,,,,,,,,,,,group_15239-group_15240-guaA_2-,,,
ADM84297.1,,,,,,,,,yhbY,,,,,,,,,,,group_16641-group_16643-ybaN-,,,
ADM84349.1-CAR68547.1-CBW32363.1-,,,,,,,,,yugI,,,,,,,,,,,group_17936-ykuJ-,,,
ADM84422.1,,,,,,,,,ywlC,,,,,,,,,,,group_2397-lytB_1-,,,
ADM84637.1,,,,,,,,,,,,,,,,,,,,group_3298-group_3303-iolU-,,,
ADM84679.1,,,,,,,,,,,,,,,,,,,,group_4969-ybjI-,,,
ADM84690.1,,,,,,,,,,,,,,,,,,,,group_5077-ypdA-,,,
ADM84692.1,,,,,,,,,,,,,,,,,,,,group_6847-yvgN-,,,
ADM84761.1-CBW32582.1-,,,,,,,,,,,,,,,,,,,,group_6966-phtE-truncation-,,,
ADM84762.1-ADM91357.1-,,,,,,,,,,,,,,,,,,,,group_74-panT-,,,
ADM84824.1,,,,,,,,,,,,,,,,,,,,group_7680-ypsA-,,,
ADM84979.1,,,,,,,,,,,,,,,,,,,,group_8385-yfnB-,,,
ADM85023.1,,,,,,,,,,,,,,,,,,,,group_9302-ypuA-,,,
ADM85025.1-group_9939-,,,,,,,,,,,,,,,,,,,,group_9456-ulaA_2-,,,
ADM85035.1,,,,,,,,,,,,,,,,,,,,group_9601-rsgA-,,,
ADM85067.1-capA_1-,,,,,,,,,,,,,,,,,,,,group_9798-group_9799-group_9800-ydfG-,,,
ADM85374.1,,,,,,,,,,,,,,,,,,,,guaB_1-guaB_2-,,,
ADM85443.1,,,,,,,,,,,,,,,,,,,,lemA,,,
ADM85602.1,,,,,,,,,,,,,,,,,,,,lytA_1,,,
ADM85634.1-group_13120-group_13121-,,,,,,,,,,,,,,,,,,,,lytA_3,,,
ADM85667.1,,,,,,,,,,,,,,,,,,,,metG_1,,,
ADM85684.1,,,,,,,,,,,,,,,,,,,,miaB,,,
ADM85713.1-CBW33536.1-group_11777-,,,,,,,,,,,,,,,,,,,,mltG,,,
ADM90251.1-group_12953-group_12956-,,,,,,,,,,,,,,,,,,,,murE2,,,
ADM90257.1-CAR67974.1-group_8186-,,,,,,,,,,,,,,,,,,,,pncO,,,
ADM90352.1,,,,,,,,,,,,,,,,,,,,proS_2,,,
ADM90666.1-CAR68320.1-CBW32142.1-,,,,,,,,,,,,,,,,,,,,rbgA,,,
ADM90697.1,,,,,,,,,,,,,,,,,,,,rodZ,,,
ADM90732.1-CBW32208.1-,,,,,,,,,,,,,,,,,,,,sapB,,,
ADM90838.1-CBW32310.1-,,,,,,,,,,,,,,,,,,,,sufT,,,
ADM91045.1-group_8832-,,,,,,,,,,,,,,,,,,,,sufT_1,,,
ADM91052.1,,,,,,,,,,,,,,,,,,,,tacF,,,
ADM91130.1,,,,,,,,,,,,,,,,,,,,thiW,,,
ADM91288.1-CAR68852.1-,,,,,,,,,,,,,,,,,,,,tmcAL,,,
ADM91322.1,,,,,,,,,,,,,,,,,,,,trmK,,,
ADM91469.1-group_15550-,,,,,,,,,,,,,,,,,,,,tsaE,,,
ADM91674.1,,,,,,,,,,,,,,,,,,,,ugl,,,
ADM91689.1,,,,,,,,,,,,,,,,,,,,ulaA_1,,,
ADM92057.1-CBW33348.1-,,,,,,,,,,,,,,,,,,,,ulaG,,,
ADM92125.1-group_8303-,,,,,,,,,,,,,,,,,,,,veg,,,
ADM92410.1-CBW33610.1-,,,,,,,,,,,,,,,,,,,,yafQ,,,
CAR67874.1,,,,,,,,,,,,,,,,,,,,ybaK,,,
CAR68026.1-group_9916-,,,,,,,,,,,,,,,,,,,,ybhL,,,
CAR68407.1,,,,,,,,,,,,,,,,,,,,ybiT_2,,,
CAR68440.1,,,,,,,,,,,,,,,,,,,,ybiV,,,
CAR68455.1,,,,,,,,,,,,,,,,,,,,yccU,,,
CAR68548.1-CBW32364.1-,,,,,,,,,,,,,,,,,,,,ydjZ,,,
CAR69130.1,,,,,,,,,,,,,,,,,,,,yeiH,,,
CAR69174.1,,,,,,,,,,,,,,,,,,,,yhaM,,,
CAR69488.1-ylmA-,,,,,,,,,,,,,,,,,,,,yhhT_1,,,
CAR69500.1,,,,,,,,,,,,,,,,,,,,yhhT_2,,,
CAR69519.1,,,,,,,,,,,,,,,,,,,,yidA_1,,,
CAR69550.1-group_16044-group_16046-,,,,,,,,,,,,,,,,,,,,yidA_2,,,
CAR69603.1-group_9200-,,,,,,,,,,,,,,,,,,,,yidD,,,
CAR69621.1,,,,,,,,,,,,,,,,,,,,yitU,,,
CAR69639.1,,,,,,,,,,,,,,,,,,,,yjbK,,,
CAR69812.1-group_9812-,,,,,,,,,,,,,,,,,,,,yjbM,,,
CBW31879.1,,,,,,,,,,,,,,,,,,,,ykuL,,,
CBW32002.1,,,,,,,,,,,,,,,,,,,,ylmG,,,
CBW32173.1,,,,,,,,,,,,,,,,,,,,ylmH,,,
CBW32222.1,,,,,,,,,,,,,,,,,,,,ynzC,,,
CBW32260.1,,,,,,,,,,,,,,,,,,,,yozE,,,
CBW32295.1-group_6935-,,,,,,,,,,,,,,,,,,,,ypmB,,,
CBW32356.1-group_13056-,,,,,,,,,,,,,,,,,,,,yqeH,,,
CBW32417.1,,,,,,,,,,,,,,,,,,,,yqfA,,,
CBW32763.1-group_8442-group_8445-,,,,,,,,,,,,,,,,,,,,yqgQ,,,
CBW32933.1,,,,,,,,,,,,,,,,,,,,yutD,,,
CBW32984.1,,,,,,,,,,,,,,,,,,,,yvcJ,,,
CBW33058.1,,,,,,,,,,,,,,,,,,,,,,,
CBW33230.1,,,,,,,,,,,,,,,,,,,,,,,
CBW33305.1,,,,,,,,,,,,,,,,,,,,,,,
CBW33474.1-group_9183-,,,,,,,,,,,,,,,,,,,,,,,
CBW33594.1,,,,,,,,,,,,,,,,,,,,,,,
CBW33619.1,,,,,,,,,,,,,,,,,,,,,,,
PTS-EIIC-group_27599-group_27607-group_27608-,,,,,,,,,,,,,,,,,,,,,,,
accA,,,,,,,,,,,,,,,,,,,,,,,
accB,,,,,,,,,,,,,,,,,,,,,,,
accC,,,,,,,,,,,,,,,,,,,,,,,
accD,,,,,,,,,,,,,,,,,,,,,,,
ackA-group_17327-,,,,,,,,,,,,,,,,,,,,,,,
acoA,,,,,,,,,,,,,,,,,,,,,,,
acpA,,,,,,,,,,,,,,,,,,,,,,,
acpS,,,,,,,,,,,,,,,,,,,,,,,
acyP,,,,,,,,,,,,,,,,,,,,,,,
adcA-group_5858-group_5859-,,,,,,,,,,,,,,,,,,,,,,,
adcR-group_17349-,,,,,,,,,,,,,,,,,,,,,,,
addA,,,,,,,,,,,,,,,,,,,,,,,
adhA,,,,,,,,,,,,,,,,,,,,,,,
adhE,,,,,,,,,,,,,,,,,,,,,,,
adh_1-group_9124-,,,,,,,,,,,,,,,,,,,,,,,
adh_2-group_11106-,,,,,,,,,,,,,,,,,,,,,,,
adk,,,,,,,,,,,,,,,,,,,,,,,
agaA_2-group_14742-nagA-,,,,,,,,,,,,,,,,,,,,,,,
agaC,,,,,,,,,,,,,,,,,,,,,,,
agaS-group_13369-group_13373-group_13387-,,,,,,,,,,,,,,,,,,,,,,,
agrA_2,,,,,,,,,,,,,,,,,,,,,,,
aguA,,,,,,,,,,,,,,,,,,,,,,,
aguB,,,,,,,,,,,,,,,,,,,,,,,
alaA,,,,,,,,,,,,,,,,,,,,,,,
alaS,,,,,,,,,,,,,,,,,,,,,,,
albF,,,,,,,,,,,,,,,,,,,,,,,
aldC-group_13014-,,,,,,,,,,,,,,,,,,,,,,,
alr,,,,,,,,,,,,,,,,,,,,,,,
alsT-group_11332-,,,,,,,,,,,,,,,,,,,,,,,
amiA-group_14704-,,,,,,,,,,,,,,,,,,,,,,,
amyS,,,,,,,,,,,,,,,,,,,,,,,
ansB-group_27777-,,,,,,,,,,,,,,,,,,,,,,,
apbE-group_11347-,,,,,,,,,,,,,,,,,,,,,,,
apt-group_17950-,,,,,,,,,,,,,,,,,,,,,,,
aqpZ2-group_13281-,,,,,,,,,,,,,,,,,,,,,,,
araD,,,,,,,,,,,,,,,,,,,,,,,
araQ_1-group_17291-,,,,,,,,,,,,,,,,,,,,,,,
argR_1,,,,,,,,,,,,,,,,,,,,,,,
argR_2,,,,,,,,,,,,,,,,,,,,,,,
argR_3,,,,,,,,,,,,,,,,,,,,,,,
argS,,,,,,,,,,,,,,,,,,,,,,,
arlR_1,,,,,,,,,,,,,,,,,,,,,,,
arlR_2,,,,,,,,,,,,,,,,,,,,,,,
arnB-group_11312-,,,,,,,,,,,,,,,,,,,,,,,
arnC_1,,,,,,,,,,,,,,,,,,,,,,,
aroA,,,,,,,,,,,,,,,,,,,,,,,
aroB,,,,,,,,,,,,,,,,,,,,,,,
aroC,,,,,,,,,,,,,,,,,,,,,,,
aroD,,,,,,,,,,,,,,,,,,,,,,,
aroE,,,,,,,,,,,,,,,,,,,,,,,
aroF-group_14689-,,,,,,,,,,,,,,,,,,,,,,,
aroG-group_28278-,,,,,,,,,,,,,,,,,,,,,,,
aroL,,,,,,,,,,,,,,,,,,,,,,,
artM_1,,,,,,,,,,,,,,,,,,,,,,,
artP_1,,,,,,,,,,,,,,,,,,,,,,,
asd-group_13045-,,,,,,,,,,,,,,,,,,,,,,,
asnA,,,,,,,,,,,,,,,,,,,,,,,
asnS,,,,,,,,,,,,,,,,,,,,,,,
asp,,,,,,,,,,,,,,,,,,,,,,,
aspB-group_2816-,,,,,,,,,,,,,,,,,,,,,,,
aspC1-patA-,,,,,,,,,,,,,,,,,,,,,,,
aspS-group_16121-,,,,,,,,,,,,,,,,,,,,,,,
atpA-group_14305-,,,,,,,,,,,,,,,,,,,,,,,
atpB,,,,,,,,,,,,,,,,,,,,,,,
atpC-group_15548-,,,,,,,,,,,,,,,,,,,,,,,
atpD-group_15030-,,,,,,,,,,,,,,,,,,,,,,,
atpE,,,,,,,,,,,,,,,,,,,,,,,
atpF,,,,,,,,,,,,,,,,,,,,,,,
atpG,,,,,,,,,,,,,,,,,,,,,,,
atpH,,,,,,,,,,,,,,,,,,,,,,,
atxA-group_8326-,,,,,,,,,,,,,,,,,,,,,,,
axe1-6A,,,,,,,,,,,,,,,,,,,,,,,
axeA-group_3427-,,,,,,,,,,,,,,,,,,,,,,,
bceB-group_4027-group_4031-,,,,,,,,,,,,,,,,,,,,,,,
bcrC,,,,,,,,,,,,,,,,,,,,,,,
bfmBAB,,,,,,,,,,,,,,,,,,,,,,,
bga-group_27815-group_27818-group_27820-group_27821-,,,,,,,,,,,,,,,,,,,,,,,
bglA-bglA_2-bglH_1-group_4578-group_4584-group_4588-,,,,,,,,,,,,,,,,,,,,,,,
bglF-group_8174-,,,,,,,,,,,,,,,,,,,,,,,
bglH-bglH_2-group_7772-,,,,,,,,,,,,,,,,,,,,,,,
bglK_1,,,,,,,,,,,,,,,,,,,,,,,
bglK_2-group_7886-,,,,,,,,,,,,,,,,,,,,,,,
bioY2-group_6653-,,,,,,,,,,,,,,,,,,,,,,,
birA,,,,,,,,,,,,,,,,,,,,,,,
braC,,,,,,,,,,,,,,,,,,,,,,,
brnQ,,,,,,,,,,,,,,,,,,,,,,,
brpA-group_15212-,,,,,,,,,,,,,,,,,,,,,,,
bsaA-group_11068-,,,,,,,,,,,,,,,,,,,,,,,
bta,,,,,,,,,,,,,,,,,,,,,,,
btuD_1-group_8088-,,,,,,,,,,,,,,,,,,,,,,,
capA,,,,,,,,,,,,,,,,,,,,,,,
carA-group_17899-,,,,,,,,,,,,,,,,,,,,,,,
carB,,,,,,,,,,,,,,,,,,,,,,,
cca,,,,,,,,,,,,,,,,,,,,,,,
ccpA_2-group_27846-,,,,,,,,,,,,,,,,,,,,,,,
cdaA-group_12352-,,,,,,,,,,,,,,,,,,,,,,,
cdaR,,,,,,,,,,,,,,,,,,,,,,,
cdd,,,,,,,,,,,,,,,,,,,,,,,
cdsA,,,,,,,,,,,,,,,,,,,,,,,
celA_2,,,,,,,,,,,,,,,,,,,,,,,
cglD,,,,,,,,,,,,,,,,,,,,,,,
chrR,,,,,,,,,,,,,,,,,,,,,,,
cibA-group_9051-,,,,,,,,,,,,,,,,,,,,,,,
cinA-group_9134-,,,,,,,,,,,,,,,,,,,,,,,
cinA2-group_13078-,,,,,,,,,,,,,,,,,,,,,,,
clpC_2-group_17103-,,,,,,,,,,,,,,,,,,,,,,,
clpP,,,,,,,,,,,,,,,,,,,,,,,
clpX-group_14312-,,,,,,,,,,,,,,,,,,,,,,,
cls,,,,,,,,,,,,,,,,,,,,,,,
cmk,,,,,,,,,,,,,,,,,,,,,,,
coaA,,,,,,,,,,,,,,,,,,,,,,,
coaBC_1-group_9278-,,,,,,,,,,,,,,,,,,,,,,,
coaBC_2,,,,,,,,,,,,,,,,,,,,,,,
coaD-group_7384-,,,,,,,,,,,,,,,,,,,,,,,
coaE,,,,,,,,,,,,,,,,,,,,,,,
codY,,,,,,,,,,,,,,,,,,,,,,,
cof-group_27620-,,,,,,,,,,,,,,,,,,,,,,,
coiA,,,,,,,,,,,,,,,,,,,,,,,
comFA-group_7556-,,,,,,,,,,,,,,,,,,,,,,,
comFC,,,,,,,,,,,,,,,,,,,,,,,
copY,,,,,,,,,,,,,,,,,,,,,,,
corA-group_27830-group_27831-,,,,,,,,,,,,,,,,,,,,,,,
corC-group_10416-tlyC-,,,,,,,,,,,,,,,,,,,,,,,
cotS,,,,,,,,,,,,,,,,,,,,,,,
cpnA,,,,,,,,,,,,,,,,,,,,,,,
cpoA,,,,,,,,,,,,,,,,,,,,,,,
cppA-group_9543-,,,,,,,,,,,,,,,,,,,,,,,
crcB_1-group_9542-,,,,,,,,,,,,,,,,,,,,,,,
crcB_2,,,,,,,,,,,,,,,,,,,,,,,
csbB-group_8699-,,,,,,,,,,,,,,,,,,,,,,,
cshA-group_13684-,,,,,,,,,,,,,,,,,,,,,,,
cshB,,,,,,,,,,,,,,,,,,,,,,,
ctpE-group_9014-group_9015-,,,,,,,,,,,,,,,,,,,,,,,
ctsR,,,,,,,,,,,,,,,,,,,,,,,
cugP-group_17254-,,,,,,,,,,,,,,,,,,,,,,,
cutC_1,,,,,,,,,,,,,,,,,,,,,,,
cutC_2-group_8842-,,,,,,,,,,,,,,,,,,,,,,,
cvfB,,,,,,,,,,,,,,,,,,,,,,,
cvpA,,,,,,,,,,,,,,,,,,,,,,,
cysA,,,,,,,,,,,,,,,,,,,,,,,
cysB,,,,,,,,,,,,,,,,,,,,,,,
cysS,,,,,,,,,,,,,,,,,,,,,,,
czcD,,,,,,,,,,,,,,,,,,,,,,,
dacA,,,,,,,,,,,,,,,,,,,,,,,
dapA,,,,,,,,,,,,,,,,,,,,,,,
dapB,,,,,,,,,,,,,,,,,,,,,,,
dapH-group_28216-,,,,,,,,,,,,,,,,,,,,,,,
dasR-group_27685-group_27689-group_27691-group_27692-group_27697-,,,,,,,,,,,,,,,,,,,,,,,
ddl,,,,,,,,,,,,,,,,,,,,,,,
ddlB,,,,,,,,,,,,,,,,,,,,,,,
def_1-group_8272-,,,,,,,,,,,,,,,,,,,,,,,
def_2,,,,,,,,,,,,,,,,,,,,,,,
degV-group_13530-,,,,,,,,,,,,,,,,,,,,,,,
deoB,,,,,,,,,,,,,,,,,,,,,,,
deoC,,,,,,,,,,,,,,,,,,,,,,,
deoD_1,,,,,,,,,,,,,,,,,,,,,,,
der-group_18653-,,,,,,,,,,,,,,,,,,,,,,,
desR-group_4723-,,,,,,,,,,,,,,,,,,,,,,,
dgkA,,,,,,,,,,,,,,,,,,,,,,,
divIB,,,,,,,,,,,,,,,,,,,,,,,
dltA-group_12504-,,,,,,,,,,,,,,,,,,,,,,,
dltB-group_12802-group_12805-,,,,,,,,,,,,,,,,,,,,,,,
dltC-group_28148-,,,,,,,,,,,,,,,,,,,,,,,
dltD-group_7413-group_7416-group_7418-group_7420-,,,,,,,,,,,,,,,,,,,,,,,
dnaA,,,,,,,,,,,,,,,,,,,,,,,
dnaC,,,,,,,,,,,,,,,,,,,,,,,
dnaD,,,,,,,,,,,,,,,,,,,,,,,
dnaE2,,,,,,,,,,,,,,,,,,,,,,,
dnaG-group_7607-,,,,,,,,,,,,,,,,,,,,,,,
dnaJ,,,,,,,,,,,,,,,,,,,,,,,
dnaK,,,,,,,,,,,,,,,,,,,,,,,
dnaN,,,,,,,,,,,,,,,,,,,,,,,
dnaQ-polC_2-,,,,,,,,,,,,,,,,,,,,,,,
dprA,,,,,,,,,,,,,,,,,,,,,,,
dsbD_1,,,,,,,,,,,,,,,,,,,,,,,
dtd,,,,,,,,,,,,,,,,,,,,,,,
dtxR,,,,,,,,,,,,,,,,,,,,,,,
dus,,,,,,,,,,,,,,,,,,,,,,,
dut,,,,,,,,,,,,,,,,,,,,,,,
dxs-group_12550-,,,,,,,,,,,,,,,,,,,,,,,
ecfA1,,,,,,,,,,,,,,,,,,,,,,,
ecfA2,,,,,,,,,,,,,,,,,,,,,,,
ecfT_1,,,,,,,,,,,,,,,,,,,,,,,
ecfT_2-group_12977-,,,,,,,,,,,,,,,,,,,,,,,
ecsA_1,,,,,,,,,,,,,,,,,,,,,,,
ecsA_2,,,,,,,,,,,,,,,,,,,,,,,
eep,,,,,,,,,,,,,,,,,,,,,,,
efp,,,,,,,,,,,,,,,,,,,,,,,
endA-group_9140-,,,,,,,,,,,,,,,,,,,,,,,
engB,,,,,,,,,,,,,,,,,,,,,,,
eno,,,,,,,,,,,,,,,,,,,,,,,
epsH,,,,,,,,,,,,,,,,,,,,,,,
epuA-group_11497-,,,,,,,,,,,,,,,,,,,,,,,
era,,,,,,,,,,,,,,,,,,,,,,,
ethR,,,,,,,,,,,,,,,,,,,,,,,
ettA_2-group_5470-group_5471-,,,,,,,,,,,,,,,,,,,,,,,
exoA,,,,,,,,,,,,,,,,,,,,,,,
ezrA,,,,,,,,,,,,,,,,,,,,,,,
fabD,,,,,,,,,,,,,,,,,,,,,,,
fabF,,,,,,,,,,,,,,,,,,,,,,,
fabG,,,,,,,,,,,,,,,,,,,,,,,
fabH,,,,,,,,,,,,,,,,,,,,,,,
fabK,,,,,,,,,,,,,,,,,,,,,,,
fabM,,,,,,,,,,,,,,,,,,,,,,,
fabZ,,,,,,,,,,,,,,,,,,,,,,,
fatD,,,,,,,,,,,,,,,,,,,,,,,
fba-group_4498-,,,,,,,,,,,,,,,,,,,,,,,
fecE,,,,,,,,,,,,,,,,,,,,,,,
femA,,,,,,,,,,,,,,,,,,,,,,,
femX-group_9293-,,,,,,,,,,,,,,,,,,,,,,,
fepD-group_16777-,,,,,,,,,,,,,,,,,,,,,,,
fer,,,,,,,,,,,,,,,,,,,,,,,
ffh,,,,,,,,,,,,,,,,,,,,,,,
fhs1-group_9080-,,,,,,,,,,,,,,,,,,,,,,,
fhuC,,,,,,,,,,,,,,,,,,,,,,,
fieF,,,,,,,,,,,,,,,,,,,,,,,
fmt,,,,,,,,,,,,,,,,,,,,,,,
fni,,,,,,,,,,,,,,,,,,,,,,,
folD-group_12049-,,,,,,,,,,,,,,,,,,,,,,,
folE,,,,,,,,,,,,,,,,,,,,,,,
fpgS_1,,,,,,,,,,,,,,,,,,,,,,,
frr,,,,,,,,,,,,,,,,,,,,,,,
fsaA,,,,,,,,,,,,,,,,,,,,,,,
ftsA,,,,,,,,,,,,,,,,,,,,,,,
ftsE,,,,,,,,,,,,,,,,,,,,,,,
ftsH,,,,,,,,,,,,,,,,,,,,,,,
ftsK-group_12343-,,,,,,,,,,,,,,,,,,,,,,,
ftsL,,,,,,,,,,,,,,,,,,,,,,,
ftsW-group_14026-,,,,,,,,,,,,,,,,,,,,,,,
ftsX,,,,,,,,,,,,,,,,,,,,,,,
ftsY,,,,,,,,,,,,,,,,,,,,,,,
ftsZ,,,,,,,,,,,,,,,,,,,,,,,
fus,,,,,,,,,,,,,,,,,,,,,,,
gabR,,,,,,,,,,,,,,,,,,,,,,,
galE,,,,,,,,,,,,,,,,,,,,,,,
galK_1,,,,,,,,,,,,,,,,,,,,,,,
galK_2,,,,,,,,,,,,,,,,,,,,,,,
galT,,,,,,,,,,,,,,,,,,,,,,,
gap-group_16532-,,,,,,,,,,,,,,,,,,,,,,,
gatA-group_11964-group_11965-,,,,,,,,,,,,,,,,,,,,,,,
gatB-group_28346-,,,,,,,,,,,,,,,,,,,,,,,
gatC_2-group_14616-,,,,,,,,,,,,,,,,,,,,,,,
gdpP,,,,,,,,,,,,,,,,,,,,,,,
gla,,,,,,,,,,,,,,,,,,,,,,,
glcK,,,,,,,,,,,,,,,,,,,,,,,
gldA,,,,,,,,,,,,,,,,,,,,,,,
glgA-group_13745-,,,,,,,,,,,,,,,,,,,,,,,
glmM,,,,,,,,,,,,,,,,,,,,,,,
glmS-group_13837-,,,,,,,,,,,,,,,,,,,,,,,
glmU,,,,,,,,,,,,,,,,,,,,,,,
glnA-group_12729-,,,,,,,,,,,,,,,,,,,,,,,
glnH_1,,,,,,,,,,,,,,,,,,,,,,,
glnQ_1,,,,,,,,,,,,,,,,,,,,,,,
glnQ_4,,,,,,,,,,,,,,,,,,,,,,,
glnR,,,,,,,,,,,,,,,,,,,,,,,
gloA,,,,,,,,,,,,,,,,,,,,,,,
glpE,,,,,,,,,,,,,,,,,,,,,,,
glpE_1-group_15960-,,,,,,,,,,,,,,,,,,,,,,,
glpF-group_10731-,,,,,,,,,,,,,,,,,,,,,,,
glpO-group_11204-,,,,,,,,,,,,,,,,,,,,,,,
gltX,,,,,,,,,,,,,,,,,,,,,,,
gluP,,,,,,,,,,,,,,,,,,,,,,,
glyA-group_11557-group_11558-,,,,,,,,,,,,,,,,,,,,,,,
glyQ,,,,,,,,,,,,,,,,,,,,,,,
glyS,,,,,,,,,,,,,,,,,,,,,,,
gmk,,,,,,,,,,,,,,,,,,,,,,,
gmuA,,,,,,,,,,,,,,,,,,,,,,,
gmuB,,,,,,,,,,,,,,,,,,,,,,,
gmuD_1,,,,,,,,,,,,,,,,,,,,,,,
gmuD_2,,,,,,,,,,,,,,,,,,,,,,,
gmuE-group_15882-,,,,,,,,,,,,,,,,,,,,,,,
gmuR,,,,,,,,,,,,,,,,,,,,,,,
gnd-group_16602-,,,,,,,,,,,,,,,,,,,,,,,
gor-group_2823-group_2824-,,,,,,,,,,,,,,,,,,,,,,,
gph_1,,,,,,,,,,,,,,,,,,,,,,,
gph_2-group_8098-,,,,,,,,,,,,,,,,,,,,,,,
gpmA_1-group_14599-group_14601-,,,,,,,,,,,,,,,,,,,,,,,
gpmA_2,,,,,,,,,,,,,,,,,,,,,,,
gpmA_3-group_8534-,,,,,,,,,,,,,,,,,,,,,,,
gpsA,,,,,,,,,,,,,,,,,,,,,,,
greA,,,,,,,,,,,,,,,,,,,,,,,
groL-group_17321-,,,,,,,,,,,,,,,,,,,,,,,
groS-group_8646-,,,,,,,,,,,,,,,,,,,,,,,
group_10067-rlmL-,,,,,,,,,,,,,,,,,,,,,,,
group_10166-group_10168-mvd1-,,,,,,,,,,,,,,,,,,,,,,,
group_10203-group_10204-murD-,,,,,,,,,,,,,,,,,,,,,,,
group_10241-patB-,,,,,,,,,,,,,,,,,,,,,,,
group_10247-lnpD-,,,,,,,,,,,,,,,,,,,,,,,
group_10256-rny-,,,,,,,,,,,,,,,,,,,,,,,
group_10271-trpA-,,,,,,,,,,,,,,,,,,,,,,,
group_10366-licT_2-,,,,,,,,,,,,,,,,,,,,,,,
group_10421-scrA-,,,,,,,,,,,,,,,,,,,,,,,
group_10544-msrAB-,,,,,,,,,,,,,,,,,,,,,,,
group_10580-mglC-,,,,,,,,,,,,,,,,,,,,,,,
group_10745-ruvA-,,,,,,,,,,,,,,,,,,,,,,,
group_10829-lacE_2-,,,,,,,,,,,,,,,,,,,,,,,
group_10853-mutL-,,,,,,,,,,,,,,,,,,,,,,,
group_10861-rplGA-,,,,,,,,,,,,,,,,,,,,,,,
group_10876-thiM_2-,,,,,,,,,,,,,,,,,,,,,,,
group_10879-group_10881-ydcV-,,,,,,,,,,,,,,,,,,,,,,,
group_10912-mshD_2-,,,,,,,,,,,,,,,,,,,,,,,
group_10917-ycfH-,,,,,,,,,,,,,,,,,,,,,,,
group_10977-tcyA-,,,,,,,,,,,,,,,,,,,,,,,
group_11031-group_11037-pucK-,,,,,,,,,,,,,,,,,,,,,,,
group_11047-ptsG_2-,,,,,,,,,,,,,,,,,,,,,,,
group_11055-pacS-,,,,,,,,,,,,,,,,,,,,,,,
group_11074-group_11079-ycjP-,,,,,,,,,,,,,,,,,,,,,,,
group_11087-group_11088-uvrB-,,,,,,,,,,,,,,,,,,,,,,,
group_11128-group_11129-pyrF-,,,,,,,,,,,,,,,,,,,,,,,
group_11137-msrAB1-,,,,,,,,,,,,,,,,,,,,,,,
group_11143-nrnA-,,,,,,,,,,,,,,,,,,,,,,,
group_11148-sufS-,,,,,,,,,,,,,,,,,,,,,,,
group_11150-yghU-,,,,,,,,,,,,,,,,,,,,,,,
group_11173-oatA-,,,,,,,,,,,,,,,,,,,,,,,
group_11351-licC_1-,,,,,,,,,,,,,,,,,,,,,,,
group_11457-treA-,,,,,,,,,,,,,,,,,,,,,,,
group_11515-misCA-,,,,,,,,,,,,,,,,,,,,,,,
group_11570-suhB-,,,,,,,,,,,,,,,,,,,,,,,
group_11602-gyrA-,,,,,,,,,,,,,,,,,,,,,,,
group_11721-group_11728-ydaF_5-,,,,,,,,,,,,,,,,,,,,,,,
group_11731-murA1_2-,,,,,,,,,,,,,,,,,,,,,,,
group_11741-lacC_1-,,,,,,,,,,,,,,,,,,,,,,,
group_11790-group_11792-purK-,,,,,,,,,,,,,,,,,,,,,,,
group_11800-truB-,,,,,,,,,,,,,,,,,,,,,,,
group_11813-paaI-,,,,,,,,,,,,,,,,,,,,,,,
group_11876-pcrA-,,,,,,,,,,,,,,,,,,,,,,,
group_11928-group_11931-group_11932-group_11933-purE-,,,,,,,,,,,,,,,,,,,,,,,
group_12034-group_12039-resA_2-,,,,,,,,,,,,,,,,,,,,,,,
group_12043-proB-,,,,,,,,,,,,,,,,,,,,,,,
group_12053-hmpT-,,,,,,,,,,,,,,,,,,,,,,,
group_12060-group_12062-tabA-,,,,,,,,,,,,,,,,,,,,,,,
group_12131-malA-,,,,,,,,,,,,,,,,,,,,,,,
group_12156-pbuO-,,,,,,,,,,,,,,,,,,,,,,,
group_12315-ydaF_2-,,,,,,,,,,,,,,,,,,,,,,,
group_12373-recG-,,,,,,,,,,,,,,,,,,,,,,,
group_12478-yeeO-,,,,,,,,,,,,,,,,,,,,,,,
group_12523-slmA-,,,,,,,,,,,,,,,,,,,,,,,
group_12619-pyk-,,,,,,,,,,,,,,,,,,,,,,,
group_12722-mvaK2-,,,,,,,,,,,,,,,,,,,,,,,
group_12811-group_12815-rimM-,,,,,,,,,,,,,,,,,,,,,,,
group_12850-nusB-,,,,,,,,,,,,,,,,,,,,,,,
group_12851-yumC-,,,,,,,,,,,,,,,,,,,,,,,
group_12881-yeeN-,,,,,,,,,,,,,,,,,,,,,,,
group_12902-yfiC-,,,,,,,,,,,,,,,,,,,,,,,
group_12908-group_12910-malX-,,,,,,,,,,,,,,,,,,,,,,,
group_12962-kdgK-,,,,,,,,,,,,,,,,,,,,,,,
group_12980-hit-,,,,,,,,,,,,,,,,,,,,,,,
group_12992-ykoE-,,,,,,,,,,,,,,,,,,,,,,,
group_12997-guaA-,,,,,,,,,,,,,,,,,,,,,,,
group_13017-potB-,,,,,,,,,,,,,,,,,,,,,,,
group_13035-group_13036-yfmC-,,,,,,,,,,,,,,,,,,,,,,,
group_13153-mupP-,,,,,,,,,,,,,,,,,,,,,,,
group_13201-group_13202-,,,,,,,,,,,,,,,,,,,,,,,
group_13251-holB-,,,,,,,,,,,,,,,,,,,,,,,
group_13271-grpE-,,,,,,,,,,,,,,,,,,,,,,,
group_13274-group_13278-yknX-,,,,,,,,,,,,,,,,,,,,,,,
group_13365-group_13367-tadA-tadA_2-,,,,,,,,,,,,,,,,,,,,,,,
group_13468-hcaB-,,,,,,,,,,,,,,,,,,,,,,,
group_13532-metAA-,,,,,,,,,,,,,,,,,,,,,,,
group_13577-phoP-,,,,,,,,,,,,,,,,,,,,,,,
group_13625-ugpA-,,,,,,,,,,,,,,,,,,,,,,,
group_13766-group_13767-pgcA-,,,,,,,,,,,,,,,,,,,,,,,
group_13771-pacL-,,,,,,,,,,,,,,,,,,,,,,,
group_13773-obg-,,,,,,,,,,,,,,,,,,,,,,,
group_13802-group_13807-group_13808-manX_2-,,,,,,,,,,,,,,,,,,,,,,,
group_13822-metP-,,,,,,,,,,,,,,,,,,,,,,,
group_13904-group_13905-group_13906-yknY_3-,,,,,,,,,,,,,,,,,,,,,,,
group_13911-group_13913-relA-,,,,,,,,,,,,,,,,,,,,,,,
group_13914-mvaA-,,,,,,,,,,,,,,,,,,,,,,,
group_13918-group_13920-rarA-,,,,,,,,,,,,,,,,,,,,,,,
group_13922-wcaJ-,,,,,,,,,,,,,,,,,,,,,,,
group_13984-group_13996-ykuR-,,,,,,,,,,,,,,,,,,,,,,,
group_14056-parC-,,,,,,,,,,,,,,,,,,,,,,,
group_14219-liaF-,,,,,,,,,,,,,,,,,,,,,,,
group_14223-stkP-,,,,,,,,,,,,,,,,,,,,,,,
group_14236-lysS-,,,,,,,,,,,,,,,,,,,,,,,
group_14240-nfr2-,,,,,,,,,,,,,,,,,,,,,,,
group_14243-nox-,,,,,,,,,,,,,,,,,,,,,,,
group_14255-yycJ-,,,,,,,,,,,,,,,,,,,,,,,
group_14289-tmk-,,,,,,,,,,,,,,,,,,,,,,,
group_14401-tdk-,,,,,,,,,,,,,,,,,,,,,,,
group_14459-yjjP-,,,,,,,,,,,,,,,,,,,,,,,
group_14474-rnmV-,,,,,,,,,,,,,,,,,,,,,,,
group_14509-plsC-,,,,,,,,,,,,,,,,,,,,,,,
group_14517-xerS-,,,,,,,,,,,,,,,,,,,,,,,
group_14582-ktrB-,,,,,,,,,,,,,,,,,,,,,,,
group_14587-group_14589-sdhB-,,,,,,,,,,,,,,,,,,,,,,,
group_14619-ilvB-,,,,,,,,,,,,,,,,,,,,,,,
group_14635,,,,,,,,,,,,,,,,,,,,,,,
group_14658-ung-,,,,,,,,,,,,,,,,,,,,,,,
group_14676-pcm-,,,,,,,,,,,,,,,,,,,,,,,
group_14681-thiI-,,,,,,,,,,,,,,,,,,,,,,,
group_14757-group_14765-rpmF-,,,,,,,,,,,,,,,,,,,,,,,
group_14767-yigZ-,,,,,,,,,,,,,,,,,,,,,,,
group_14941-group_14942-group_14943-guaB_3-,,,,,,,,,,,,,,,,,,,,,,,
group_15009-group_15011-rclA-,,,,,,,,,,,,,,,,,,,,,,,
group_15067-rpoB-,,,,,,,,,,,,,,,,,,,,,,,
group_15082-saeS-,,,,,,,,,,,,,,,,,,,,,,,
group_15083-sdhA-,,,,,,,,,,,,,,,,,,,,,,,
group_15091-metN-,,,,,,,,,,,,,,,,,,,,,,,
group_15106-group_15108-nusA-,,,,,,,,,,,,,,,,,,,,,,,
group_15144-ybeZ-,,,,,,,,,,,,,,,,,,,,,,,
group_15156-prfB-,,,,,,,,,,,,,,,,,,,,,,,
group_15177-secA-,,,,,,,,,,,,,,,,,,,,,,,
group_15200-trpB-,,,,,,,,,,,,,,,,,,,,,,,
group_15239-group_15240-guaA_2-,,,,,,,,,,,,,,,,,,,,,,,
group_15413-pepO-,,,,,,,,,,,,,,,,,,,,,,,
group_15431-trpD-,,,,,,,,,,,,,,,,,,,,,,,
group_15438-zwf-,,,,,,,,,,,,,,,,,,,,,,,
group_15513-rplK-,,,,,,,,,,,,,,,,,,,,,,,
group_15517-typA-,,,,,,,,,,,,,,,,,,,,,,,
group_15561-rpsT-,,,,,,,,,,,,,,,,,,,,,,,
group_15563-rodA-,,,,,,,,,,,,,,,,,,,,,,,
group_15569-ssb_1-,,,,,,,,,,,,,,,,,,,,,,,
group_15588-oppD-,,,,,,,,,,,,,,,,,,,,,,,
group_15661-htrA-,,,,,,,,,,,,,,,,,,,,,,,
group_15795-lolD-,,,,,,,,,,,,,,,,,,,,,,,
group_15952-group_15955-purA-,,,,,,,,,,,,,,,,,,,,,,,
group_15970-mnmA-,,,,,,,,,,,,,,,,,,,,,,,
group_15971-metQ-,,,,,,,,,,,,,,,,,,,,,,,
group_15977-manZ_2-,,,,,,,,,,,,,,,,,,,,,,,
group_16005-nrdE1-,,,,,,,,,,,,,,,,,,,,,,,
group_16017-xylH-,,,,,,,,,,,,,,,,,,,,,,,
group_16031-metI-,,,,,,,,,,,,,,,,,,,,,,,
group_16212-pabA-,,,,,,,,,,,,,,,,,,,,,,,
group_16356-regX3-,,,,,,,,,,,,,,,,,,,,,,,
group_16521-mnmG-,,,,,,,,,,,,,,,,,,,,,,,
group_16593-ktrA-,,,,,,,,,,,,,,,,,,,,,,,
group_16641-group_16643-ybaN-,,,,,,,,,,,,,,,,,,,,,,,
group_16726-rnpA-,,,,,,,,,,,,,,,,,,,,,,,
group_16770-rimP-,,,,,,,,,,,,,,,,,,,,,,,
group_16821-htpX-,,,,,,,,,,,,,,,,,,,,,,,
group_17150-pgi-,,,,,,,,,,,,,,,,,,,,,,,
group_17204-ypdF-,,,,,,,,,,,,,,,,,,,,,,,
group_17225-hrcA-,,,,,,,,,,,,,,,,,,,,,,,
group_17233-rbfA-,,,,,,,,,,,,,,,,,,,,,,,
group_17258-nrdH-,,,,,,,,,,,,,,,,,,,,,,,
group_17271-rex-,,,,,,,,,,,,,,,,,,,,,,,
group_17294-yesO_2-,,,,,,,,,,,,,,,,,,,,,,,
group_17315-oppC-,,,,,,,,,,,,,,,,,,,,,,,
group_17882-ylxR-,,,,,,,,,,,,,,,,,,,,,,,
group_17924-map-,,,,,,,,,,,,,,,,,,,,,,,
group_17936-ykuJ-,,,,,,,,,,,,,,,,,,,,,,,
group_18589-spsB-,,,,,,,,,,,,,,,,,,,,,,,
group_18613-mutX-,,,,,,,,,,,,,,,,,,,,,,,
group_18664-group_18665-trxA-,,,,,,,,,,,,,,,,,,,,,,,
group_18692-znuC-,,,,,,,,,,,,,,,,,,,,,,,
group_19264-pdxS-,,,,,,,,,,,,,,,,,,,,,,,
group_19409-nrdF-,,,,,,,,,,,,,,,,,,,,,,,
group_19513-rpsI-,,,,,,,,,,,,,,,,,,,,,,,
group_19563-znuB-,,,,,,,,,,,,,,,,,,,,,,,
group_2069-prtP-,,,,,,,,,,,,,,,,,,,,,,,
group_2397-lytB_1-,,,,,,,,,,,,,,,,,,,,,,,
group_27548-group_27550-group_27554-group_27557-,,,,,,,,,,,,,,,,,,,,,,,
group_27567-group_27569-sorB-,,,,,,,,,,,,,,,,,,,,,,,
group_27586-group_27590-purM-,,,,,,,,,,,,,,,,,,,,,,,
group_27653-nrdR-,,,,,,,,,,,,,,,,,,,,,,,
group_27701-malP-,,,,,,,,,,,,,,,,,,,,,,,
group_27757-spxA_1-,,,,,,,,,,,,,,,,,,,,,,,
group_27876-group_27878-purB-,,,,,,,,,,,,,,,,,,,,,,,
group_27897-malQ-,,,,,,,,,,,,,,,,,,,,,,,
group_27910-rpsD-,,,,,,,,,,,,,,,,,,,,,,,
group_27912-rplA-,,,,,,,,,,,,,,,,,,,,,,,
group_27918-group_27927-rpmGA-,,,,,,,,,,,,,,,,,,,,,,,
group_27967-group_27970-rplM-,,,,,,,,,,,,,,,,,,,,,,,
group_28001-group_28004-rpsP-,,,,,,,,,,,,,,,,,,,,,,,
group_28012-tgt-,,,,,,,,,,,,,,,,,,,,,,,
group_28055-group_28062-purF-,,,,,,,,,,,,,,,,,,,,,,,
group_28076-ribE-,,,,,,,,,,,,,,,,,,,,,,,
group_28121-group_28127-lagD_1-,,,,,,,,,,,,,,,,,,,,,,,
group_28130-murI-,,,,,,,,,,,,,,,,,,,,,,,
group_28159-rpsB-,,,,,,,,,,,,,,,,,,,,,,,
group_28186-ribH-,,,,,,,,,,,,,,,,,,,,,,,
group_28193-rpmE2-,,,,,,,,,,,,,,,,,,,,,,,
group_28204-group_28205-nrdD_2-,,,,,,,,,,,,,,,,,,,,,,,
group_28246-group_28247-purL-,,,,,,,,,,,,,,,,,,,,,,,
group_28261-group_28262-group_28265-purC-,,,,,,,,,,,,,,,,,,,,,,,
group_28285-ribBA-,,,,,,,,,,,,,,,,,,,,,,,
group_28312-ribD-,,,,,,,,,,,,,,,,,,,,,,,
group_28322-group_28323-uvrA-,,,,,,,,,,,,,,,,,,,,,,,
group_3-group_9-tag-,,,,,,,,,,,,,,,,,,,,,,,
group_3298-group_3303-iolU-,,,,,,,,,,,,,,,,,,,,,,,
group_3327-lagD_2-,,,,,,,,,,,,,,,,,,,,,,,
group_3618-xlyA-,,,,,,,,,,,,,,,,,,,,,,,
group_3862-group_3865-nanE-nanE_1-,,,,,,,,,,,,,,,,,,,,,,,
group_4223-group_4224-group_4226-group_4227-strH-,,,,,,,,,,,,,,,,,,,,,,,
group_4561-hepC-,,,,,,,,,,,,,,,,,,,,,,,
group_4565-niaX-,,,,,,,,,,,,,,,,,,,,,,,
group_4574-iscS_1-,,,,,,,,,,,,,,,,,,,,,,,
group_4633,,,,,,,,,,,,,,,,,,,,,,,
group_4969-ybjI-,,,,,,,,,,,,,,,,,,,,,,,
group_5077-ypdA-,,,,,,,,,,,,,,,,,,,,,,,
group_5461-prs-,,,,,,,,,,,,,,,,,,,,,,,
group_5880-mutY-,,,,,,,,,,,,,,,,,,,,,,,
group_5938-sarA_1-,,,,,,,,,,,,,,,,,,,,,,,
group_6134-nirC-,,,,,,,,,,,,,,,,,,,,,,,
group_6204-treP-,,,,,,,,,,,,,,,,,,,,,,,
group_6375-ygaZ-,,,,,,,,,,,,,,,,,,,,,,,
group_6526-mngB-,,,,,,,,,,,,,,,,,,,,,,,
group_6621-ycjO-,,,,,,,,,,,,,,,,,,,,,,,
group_6709-mapP-,,,,,,,,,,,,,,,,,,,,,,,
group_6727-tenA_2-,,,,,,,,,,,,,,,,,,,,,,,
group_6749-group_6750-prfA-,,,,,,,,,,,,,,,,,,,,,,,
group_6827-thrC-,,,,,,,,,,,,,,,,,,,,,,,
group_6847-yvgN-,,,,,,,,,,,,,,,,,,,,,,,
group_6966-phtE-truncation-,,,,,,,,,,,,,,,,,,,,,,,
group_7316-rsuA_2-,,,,,,,,,,,,,,,,,,,,,,,
group_74-panT-,,,,,,,,,,,,,,,,,,,,,,,
group_7501-thiM_1-,,,,,,,,,,,,,,,,,,,,,,,
group_7622-vraS-,,,,,,,,,,,,,,,,,,,,,,,
group_7629-group_7630-group_7633-pepF1_1-,,,,,,,,,,,,,,,,,,,,,,,
group_7640-menF-,,,,,,,,,,,,,,,,,,,,,,,
group_7680-ypsA-,,,,,,,,,,,,,,,,,,,,,,,
group_7750-group_7751-yfmL-,,,,,,,,,,,,,,,,,,,,,,,
group_7756-group_7758-group_7761-liaR-,,,,,,,,,,,,,,,,,,,,,,,
group_8104-rsuA_1-,,,,,,,,,,,,,,,,,,,,,,,
group_8123-group_8124-group_8125-group_8126-group_8127-,,,,,,,,,,,,,,,,,,,,,,,
group_8350-group_8353-spiR1-,,,,,,,,,,,,,,,,,,,,,,,
group_8383-metY-,,,,,,,,,,,,,,,,,,,,,,,
group_8385-yfnB-,,,,,,,,,,,,,,,,,,,,,,,
group_8393-truC-,,,,,,,,,,,,,,,,,,,,,,,
group_8403-udk_1-,,,,,,,,,,,,,,,,,,,,,,,
group_8539-group_8541-rr06-1-,,,,,,,,,,,,,,,,,,,,,,,
group_8562-group_8563-tig-,,,,,,,,,,,,,,,,,,,,,,,
group_8569-paiA-,,,,,,,,,,,,,,,,,,,,,,,
group_8570-metE-,,,,,,,,,,,,,,,,,,,,,,,
group_8610-prsA-,,,,,,,,,,,,,,,,,,,,,,,
group_8629-pgdA-,,,,,,,,,,,,,,,,,,,,,,,
group_8682-recD2-,,,,,,,,,,,,,,,,,,,,,,,
group_8794-group_8797-group_8803-group_8806-metN2-,,,,,,,,,,,,,,,,,,,,,,,
group_8825-group_8826-thiE_2-,,,,,,,,,,,,,,,,,,,,,,,
group_8862-sapR-,,,,,,,,,,,,,,,,,,,,,,,
group_9289-topA-,,,,,,,,,,,,,,,,,,,,,,,
group_9302-ypuA-,,,,,,,,,,,,,,,,,,,,,,,
group_9412-group_9414-niaR-,,,,,,,,,,,,,,,,,,,,,,,
group_9456-ulaA_2-,,,,,,,,,,,,,,,,,,,,,,,
group_9561-ligA-,,,,,,,,,,,,,,,,,,,,,,,
group_9601-rsgA-,,,,,,,,,,,,,,,,,,,,,,,
group_9786-metG-,,,,,,,,,,,,,,,,,,,,,,,
group_9790-ybbH-,,,,,,,,,,,,,,,,,,,,,,,
group_9798-group_9799-group_9800-ydfG-,,,,,,,,,,,,,,,,,,,,,,,
gtaB,,,,,,,,,,,,,,,,,,,,,,,
gtfA,,,,,,,,,,,,,,,,,,,,,,,
guaB,,,,,,,,,,,,,,,,,,,,,,,
guaB_1-guaB_2-,,,,,,,,,,,,,,,,,,,,,,,
guaC,,,,,,,,,,,,,,,,,,,,,,,
gyrB,,,,,,,,,,,,,,,,,,,,,,,
hdfR,,,,,,,,,,,,,,,,,,,,,,,
hemN,,,,,,,,,,,,,,,,,,,,,,,
hlyB,,,,,,,,,,,,,,,,,,,,,,,
hom,,,,,,,,,,,,,,,,,,,,,,,
hpf,,,,,,,,,,,,,,,,,,,,,,,
hprK,,,,,,,,,,,,,,,,,,,,,,,
hpt,,,,,,,,,,,,,,,,,,,,,,,
hsdR_2,,,,,,,,,,,,,,,,,,,,,,,
hslO,,,,,,,,,,,,,,,,,,,,,,,
hslR,,,,,,,,,,,,,,,,,,,,,,,
idnO,,,,,,,,,,,,,,,,,,,,,,,
ileS,,,,,,,,,,,,,,,,,,,,,,,
ilvA,,,,,,,,,,,,,,,,,,,,,,,
ilvC,,,,,,,,,,,,,,,,,,,,,,,
ilvE,,,,,,,,,,,,,,,,,,,,,,,
ilvH,,,,,,,,,,,,,,,,,,,,,,,
infA,,,,,,,,,,,,,,,,,,,,,,,
infB-lepA_2-,,,,,,,,,,,,,,,,,,,,,,,
infC,,,,,,,,,,,,,,,,,,,,,,,
iscS_2,,,,,,,,,,,,,,,,,,,,,,,
iscU,,,,,,,,,,,,,,,,,,,,,,,
ispA,,,,,,,,,,,,,,,,,,,,,,,
kdgA,,,,,,,,,,,,,,,,,,,,,,,
kdgR,,,,,,,,,,,,,,,,,,,,,,,
kstR2,,,,,,,,,,,,,,,,,,,,,,,
lacA,,,,,,,,,,,,,,,,,,,,,,,
lacB,,,,,,,,,,,,,,,,,,,,,,,
lacC-2-lacC_2-,,,,,,,,,,,,,,,,,,,,,,,
lacF_1,,,,,,,,,,,,,,,,,,,,,,,
lacF_3,,,,,,,,,,,,,,,,,,,,,,,
lacG_2,,,,,,,,,,,,,,,,,,,,,,,
lacR_1,,,,,,,,,,,,,,,,,,,,,,,
lacR_2,,,,,,,,,,,,,,,,,,,,,,,
lacR_3,,,,,,,,,,,,,,,,,,,,,,,
ldh,,,,,,,,,,,,,,,,,,,,,,,
lemA,,,,,,,,,,,,,,,,,,,,,,,
levE_1,,,,,,,,,,,,,,,,,,,,,,,
lgt,,,,,,,,,,,,,,,,,,,,,,,
licA,,,,,,,,,,,,,,,,,,,,,,,
licB,,,,,,,,,,,,,,,,,,,,,,,
licD1,,,,,,,,,,,,,,,,,,,,,,,
licD2,,,,,,,,,,,,,,,,,,,,,,,
licD3,,,,,,,,,,,,,,,,,,,,,,,
licR,,,,,,,,,,,,,,,,,,,,,,,
livF,,,,,,,,,,,,,,,,,,,,,,,
livH,,,,,,,,,,,,,,,,,,,,,,,
livM,,,,,,,,,,,,,,,,,,,,,,,
lpd,,,,,,,,,,,,,,,,,,,,,,,
lplJ,,,,,,,,,,,,,,,,,,,,,,,
lptB,,,,,,,,,,,,,,,,,,,,,,,
lspA,,,,,,,,,,,,,,,,,,,,,,,
lysA,,,,,,,,,,,,,,,,,,,,,,,
lytA_1,,,,,,,,,,,,,,,,,,,,,,,
lytA_3,,,,,,,,,,,,,,,,,,,,,,,
lytB,,,,,,,,,,,,,,,,,,,,,,,
lytR_1,,,,,,,,,,,,,,,,,,,,,,,
manX,,,,,,,,,,,,,,,,,,,,,,,
manX_1,,,,,,,,,,,,,,,,,,,,,,,
mapZ,,,,,,,,,,,,,,,,,,,,,,,
marR,,,,,,,,,,,,,,,,,,,,,,,
mecA,,,,,,,,,,,,,,,,,,,,,,,
metF,,,,,,,,,,,,,,,,,,,,,,,
metG_1,,,,,,,,,,,,,,,,,,,,,,,
metK,,,,,,,,,,,,,,,,,,,,,,,
metZ,,,,,,,,,,,,,,,,,,,,,,,
mfd,,,,,,,,,,,,,,,,,,,,,,,
mglA,,,,,,,,,,,,,,,,,,,,,,,
mgsR,,,,,,,,,,,,,,,,,,,,,,,
mgtA,,,,,,,,,,,,,,,,,,,,,,,
miaA,,,,,,,,,,,,,,,,,,,,,,,
miaB,,,,,,,,,,,,,,,,,,,,,,,
mltF,,,,,,,,,,,,,,,,,,,,,,,
mltF_2,,,,,,,,,,,,,,,,,,,,,,,
mltG,,,,,,,,,,,,,,,,,,,,,,,
mnmE,,,,,,,,,,,,,,,,,,,,,,,
mntB,,,,,,,,,,,,,,,,,,,,,,,
modB,,,,,,,,,,,,,,,,,,,,,,,
mraY,,,,,,,,,,,,,,,,,,,,,,,
mreC,,,,,,,,,,,,,,,,,,,,,,,
mreD,,,,,,,,,,,,,,,,,,,,,,,
mrnC,,,,,,,,,,,,,,,,,,,,,,,
mshA,,,,,,,,,,,,,,,,,,,,,,,
msmE,,,,,,,,,,,,,,,,,,,,,,,
msrC,,,,,,,,,,,,,,,,,,,,,,,
mtaD,,,,,,,,,,,,,,,,,,,,,,,
mtcA1,,,,,,,,,,,,,,,,,,,,,,,
mtgA,,,,,,,,,,,,,,,,,,,,,,,
mtnN,,,,,,,,,,,,,,,,,,,,,,,
murA1_1,,,,,,,,,,,,,,,,,,,,,,,
murB,,,,,,,,,,,,,,,,,,,,,,,
murC,,,,,,,,,,,,,,,,,,,,,,,
murE,,,,,,,,,,,,,,,,,,,,,,,
murE2,,,,,,,,,,,,,,,,,,,,,,,
murF_1,,,,,,,,,,,,,,,,,,,,,,,
murF_2,,,,,,,,,,,,,,,,,,,,,,,
murG,,,,,,,,,,,,,,,,,,,,,,,
mutM,,,,,,,,,,,,,,,,,,,,,,,
mutS2,,,,,,,,,,,,,,,,,,,,,,,
mvaS,,,,,,,,,,,,,,,,,,,,,,,
nadD,,,,,,,,,,,,,,,,,,,,,,,
nadE,,,,,,,,,,,,,,,,,,,,,,,
nadK,,,,,,,,,,,,,,,,,,,,,,,
nagB,,,,,,,,,,,,,,,,,,,,,,,
nanA_2,,,,,,,,,,,,,,,,,,,,,,,
ndk,,,,,,,,,,,,,,,,,,,,,,,
neuA,,,,,,,,,,,,,,,,,,,,,,,
nfrA2,,,,,,,,,,,,,,,,,,,,,,,
nhaK,,,,,,,,,,,,,,,,,,,,,,,
norM,,,,,,,,,,,,,,,,,,,,,,,
nrdD,,,,,,,,,,,,,,,,,,,,,,,
nrdG,,,,,,,,,,,,,,,,,,,,,,,
nspC,,,,,,,,,,,,,,,,,,,,,,,
nudF,,,,,,,,,,,,,,,,,,,,,,,
nusG,,,,,,,,,,,,,,,,,,,,,,,
ogt,,,,,,,,,,,,,,,,,,,,,,,
oppF,,,,,,,,,,,,,,,,,,,,,,,
opuBA,,,,,,,,,,,,,,,,,,,,,,,
opuCC,,,,,,,,,,,,,,,,,,,,,,,
parE,,,,,,,,,,,,,,,,,,,,,,,
pbpF,,,,,,,,,,,,,,,,,,,,,,,
pbpX,,,,,,,,,,,,,,,,,,,,,,,
pcp_2,,,,,,,,,,,,,,,,,,,,,,,
pdg,,,,,,,,,,,,,,,,,,,,,,,
pdhC,,,,,,,,,,,,,,,,,,,,,,,
pdp,,,,,,,,,,,,,,,,,,,,,,,
pdxT,,,,,,,,,,,,,,,,,,,,,,,
penA,,,,,,,,,,,,,,,,,,,,,,,
pepA_1,,,,,,,,,,,,,,,,,,,,,,,
pepC,,,,,,,,,,,,,,,,,,,,,,,
pepF1_2,,,,,,,,,,,,,,,,,,,,,,,
pepS,,,,,,,,,,,,,,,,,,,,,,,
pepV,,,,,,,,,,,,,,,,,,,,,,,
pfkA,,,,,,,,,,,,,,,,,,,,,,,
pflA,,,,,,,,,,,,,,,,,,,,,,,
pgk,,,,,,,,,,,,,,,,,,,,,,,
pgl,,,,,,,,,,,,,,,,,,,,,,,
pglJ,,,,,,,,,,,,,,,,,,,,,,,
pgpB,,,,,,,,,,,,,,,,,,,,,,,
pgsA,,,,,,,,,,,,,,,,,,,,,,,
pheA,,,,,,,,,,,,,,,,,,,,,,,
pheS,,,,,,,,,,,,,,,,,,,,,,,
pheT_1,,,,,,,,,,,,,,,,,,,,,,,
phnA,,,,,,,,,,,,,,,,,,,,,,,
phnO,,,,,,,,,,,,,,,,,,,,,,,
phoB,,,,,,,,,,,,,,,,,,,,,,,
phoR-sasA_2-,,,,,,,,,,,,,,,,,,,,,,,
phoU_1,,,,,,,,,,,,,,,,,,,,,,,
phoU_2,,,,,,,,,,,,,,,,,,,,,,,
phpP,,,,,,,,,,,,,,,,,,,,,,,
plsX,,,,,,,,,,,,,,,,,,,,,,,
plsY,,,,,,,,,,,,,,,,,,,,,,,
pncB2,,,,,,,,,,,,,,,,,,,,,,,
pncO,,,,,,,,,,,,,,,,,,,,,,,
pnuC,,,,,,,,,,,,,,,,,,,,,,,
polA,,,,,,,,,,,,,,,,,,,,,,,
polC_1,,,,,,,,,,,,,,,,,,,,,,,
ponA,,,,,,,,,,,,,,,,,,,,,,,
potA,,,,,,,,,,,,,,,,,,,,,,,
potD,,,,,,,,,,,,,,,,,,,,,,,
pox5,,,,,,,,,,,,,,,,,,,,,,,
ppaC,,,,,,,,,,,,,,,,,,,,,,,
prfC,,,,,,,,,,,,,,,,,,,,,,,
priA,,,,,,,,,,,,,,,,,,,,,,,
prmC,,,,,,,,,,,,,,,,,,,,,,,
proA,,,,,,,,,,,,,,,,,,,,,,,
proC,,,,,,,,,,,,,,,,,,,,,,,
proS,,,,,,,,,,,,,,,,,,,,,,,
proS_2,,,,,,,,,,,,,,,,,,,,,,,
prs2,,,,,,,,,,,,,,,,,,,,,,,
psaA,,,,,,,,,,,,,,,,,,,,,,,
pstA_1,,,,,,,,,,,,,,,,,,,,,,,
pstA_2,,,,,,,,,,,,,,,,,,,,,,,
pstB3_2,,,,,,,,,,,,,,,,,,,,,,,
pstB3_3,,,,,,,,,,,,,,,,,,,,,,,
pstC,,,,,,,,,,,,,,,,,,,,,,,
pstC_2,,,,,,,,,,,,,,,,,,,,,,,
pstS1,,,,,,,,,,,,,,,,,,,,,,,
pstS2,,,,,,,,,,,,,,,,,,,,,,,
pta,,,,,,,,,,,,,,,,,,,,,,,
pth,,,,,,,,,,,,,,,,,,,,,,,
ptsH,,,,,,,,,,,,,,,,,,,,,,,
punA,,,,,,,,,,,,,,,,,,,,,,,
purR,,,,,,,,,,,,,,,,,,,,,,,
pyrB,,,,,,,,,,,,,,,,,,,,,,,
pyrC,,,,,,,,,,,,,,,,,,,,,,,
pyrDA,,,,,,,,,,,,,,,,,,,,,,,
pyrDB,,,,,,,,,,,,,,,,,,,,,,,
pyrG,,,,,,,,,,,,,,,,,,,,,,,
pyrH,,,,,,,,,,,,,,,,,,,,,,,
pyrR,,,,,,,,,,,,,,,,,,,,,,,
queA,,,,,,,,,,,,,,,,,,,,,,,
radA,,,,,,,,,,,,,,,,,,,,,,,
radC,,,,,,,,,,,,,,,,,,,,,,,
rbgA,,,,,,,,,,,,,,,,,,,,,,,
rdgB,,,,,,,,,,,,,,,,,,,,,,,
rebM,,,,,,,,,,,,,,,,,,,,,,,
recA,,,,,,,,,,,,,,,,,,,,,,,
recF,,,,,,,,,,,,,,,,,,,,,,,
recJ,,,,,,,,,,,,,,,,,,,,,,,
recN,,,,,,,,,,,,,,,,,,,,,,,
recO,,,,,,,,,,,,,,,,,,,,,,,
recR,,,,,,,,,,,,,,,,,,,,,,,
recU,,,,,,,,,,,,,,,,,,,,,,,
recX,,,,,,,,,,,,,,,,,,,,,,,
resA_1,,,,,,,,,,,,,,,,,,,,,,,
rexB,,,,,,,,,,,,,,,,,,,,,,,
ribF,,,,,,,,,,,,,,,,,,,,,,,
ribU,,,,,,,,,,,,,,,,,,,,,,,
ribX,,,,,,,,,,,,,,,,,,,,,,,
rlmH,,,,,,,,,,,,,,,,,,,,,,,
rlmI,,,,,,,,,,,,,,,,,,,,,,,
rlmN,,,,,,,,,,,,,,,,,,,,,,,
rluB,,,,,,,,,,,,,,,,,,,,,,,
rluD_1,,,,,,,,,,,,,,,,,,,,,,,
rluD_2,,,,,,,,,,,,,,,,,,,,,,,
rnc,,,,,,,,,,,,,,,,,,,,,,,
rnhC,,,,,,,,,,,,,,,,,,,,,,,
rnj1,,,,,,,,,,,,,,,,,,,,,,,
rnj2,,,,,,,,,,,,,,,,,,,,,,,
rnr,,,,,,,,,,,,,,,,,,,,,,,
rnz,,,,,,,,,,,,,,,,,,,,,,,
rodZ,,,,,,,,,,,,,,,,,,,,,,,
rpe,,,,,,,,,,,,,,,,,,,,,,,
rpiA,,,,,,,,,,,,,,,,,,,,,,,
rplB,,,,,,,,,,,,,,,,,,,,,,,
rplC,,,,,,,,,,,,,,,,,,,,,,,
rplD,,,,,,,,,,,,,,,,,,,,,,,
rplE,,,,,,,,,,,,,,,,,,,,,,,
rplF,,,,,,,,,,,,,,,,,,,,,,,
rplI,,,,,,,,,,,,,,,,,,,,,,,
rplN,,,,,,,,,,,,,,,,,,,,,,,
rplO,,,,,,,,,,,,,,,,,,,,,,,
rplP,,,,,,,,,,,,,,,,,,,,,,,
rplQ,,,,,,,,,,,,,,,,,,,,,,,
rplR,,,,,,,,,,,,,,,,,,,,,,,
rplS,,,,,,,,,,,,,,,,,,,,,,,
rplT,,,,,,,,,,,,,,,,,,,,,,,
rplU,,,,,,,,,,,,,,,,,,,,,,,
rplV,,,,,,,,,,,,,,,,,,,,,,,
rplW,,,,,,,,,,,,,,,,,,,,,,,
rplX,,,,,,,,,,,,,,,,,,,,,,,
rpmA,,,,,,,,,,,,,,,,,,,,,,,
rpmB,,,,,,,,,,,,,,,,,,,,,,,
rpmC,,,,,,,,,,,,,,,,,,,,,,,
rpmD,,,,,,,,,,,,,,,,,,,,,,,
rpmH,,,,,,,,,,,,,,,,,,,,,,,
rpmI,,,,,,,,,,,,,,,,,,,,,,,
rpmJ,,,,,,,,,,,,,,,,,,,,,,,
rpoA,,,,,,,,,,,,,,,,,,,,,,,
rpoC,,,,,,,,,,,,,,,,,,,,,,,
rpoE,,,,,,,,,,,,,,,,,,,,,,,
rpoZ,,,,,,,,,,,,,,,,,,,,,,,
rpsA,,,,,,,,,,,,,,,,,,,,,,,
rpsC,,,,,,,,,,,,,,,,,,,,,,,
rpsE,,,,,,,,,,,,,,,,,,,,,,,
rpsF,,,,,,,,,,,,,,,,,,,,,,,
rpsG,,,,,,,,,,,,,,,,,,,,,,,
rpsH,,,,,,,,,,,,,,,,,,,,,,,
rpsJ,,,,,,,,,,,,,,,,,,,,,,,
rpsK,,,,,,,,,,,,,,,,,,,,,,,
rpsL,,,,,,,,,,,,,,,,,,,,,,,
rpsM,,,,,,,,,,,,,,,,,,,,,,,
rpsN2,,,,,,,,,,,,,,,,,,,,,,,
rpsO,,,,,,,,,,,,,,,,,,,,,,,
rpsO_2,,,,,,,,,,,,,,,,,,,,,,,
rpsQ,,,,,,,,,,,,,,,,,,,,,,,
rpsR,,,,,,,,,,,,,,,,,,,,,,,
rpsS,,,,,,,,,,,,,,,,,,,,,,,
rpsU,,,,,,,,,,,,,,,,,,,,,,,
rsfS,,,,,,,,,,,,,,,,,,,,,,,
rsgA_2-yheH_2-,,,,,,,,,,,,,,,,,,,,,,,
rsmA,,,,,,,,,,,,,,,,,,,,,,,
rsmB,,,,,,,,,,,,,,,,,,,,,,,
rsmC,,,,,,,,,,,,,,,,,,,,,,,
rsmD,,,,,,,,,,,,,,,,,,,,,,,
rsmE,,,,,,,,,,,,,,,,,,,,,,,
rsmF,,,,,,,,,,,,,,,,,,,,,,,
rsmG,,,,,,,,,,,,,,,,,,,,,,,
rsmH,,,,,,,,,,,,,,,,,,,,,,,
rsmH_2,,,,,,,,,,,,,,,,,,,,,,,
rsmI,,,,,,,,,,,,,,,,,,,,,,,
ruvB_2,,,,,,,,,,,,,,,,,,,,,,,
saeR,,,,,,,,,,,,,,,,,,,,,,,
sapB,,,,,,,,,,,,,,,,,,,,,,,
sarA_3,,,,,,,,,,,,,,,,,,,,,,,
sasA_1,,,,,,,,,,,,,,,,,,,,,,,
sasA_3,,,,,,,,,,,,,,,,,,,,,,,
scpA,,,,,,,,,,,,,,,,,,,,,,,
scpB,,,,,,,,,,,,,,,,,,,,,,,
scrB,,,,,,,,,,,,,,,,,,,,,,,
secE,,,,,,,,,,,,,,,,,,,,,,,
secG,,,,,,,,,,,,,,,,,,,,,,,
secY,,,,,,,,,,,,,,,,,,,,,,,
sepF,,,,,,,,,,,,,,,,,,,,,,,
serS,,,,,,,,,,,,,,,,,,,,,,,
shetA,,,,,,,,,,,,,,,,,,,,,,,
sigA,,,,,,,,,,,,,,,,,,,,,,,
skfE,,,,,,,,,,,,,,,,,,,,,,,
slyA,,,,,,,,,,,,,,,,,,,,,,,
smc,,,,,,,,,,,,,,,,,,,,,,,
smpB,,,,,,,,,,,,,,,,,,,,,,,
sodA,,,,,,,,,,,,,,,,,,,,,,,
sorA,,,,,,,,,,,,,,,,,,,,,,,
spo0J,,,,,,,,,,,,,,,,,,,,,,,
spxA_2,,,,,,,,,,,,,,,,,,,,,,,
srtA,,,,,,,,,,,,,,,,,,,,,,,
sstT,,,,,,,,,,,,,,,,,,,,,,,
sufB_1,,,,,,,,,,,,,,,,,,,,,,,
sufC,,,,,,,,,,,,,,,,,,,,,,,
sufD,,,,,,,,,,,,,,,,,,,,,,,
sufT,,,,,,,,,,,,,,,,,,,,,,,
sufT_1,,,,,,,,,,,,,,,,,,,,,,,
sugC,,,,,,,,,,,,,,,,,,,,,,,
sulA,,,,,,,,,,,,,,,,,,,,,,,
sulD,,,,,,,,,,,,,,,,,,,,,,,
tacF,,,,,,,,,,,,,,,,,,,,,,,
tadA_1,,,,,,,,,,,,,,,,,,,,,,,
tarI,,,,,,,,,,,,,,,,,,,,,,,
tarJ,,,,,,,,,,,,,,,,,,,,,,,
tcyC,,,,,,,,,,,,,,,,,,,,,,,
tcyJ,,,,,,,,,,,,,,,,,,,,,,,
tenA_1,,,,,,,,,,,,,,,,,,,,,,,
thiD,,,,,,,,,,,,,,,,,,,,,,,
thiE_1,,,,,,,,,,,,,,,,,,,,,,,
thiK,,,,,,,,,,,,,,,,,,,,,,,
thiN,,,,,,,,,,,,,,,,,,,,,,,
thiW,,,,,,,,,,,,,,,,,,,,,,,
thiY,,,,,,,,,,,,,,,,,,,,,,,
thrB,,,,,,,,,,,,,,,,,,,,,,,
thrS,,,,,,,,,,,,,,,,,,,,,,,
thyA,,,,,,,,,,,,,,,,,,,,,,,
tilS,,,,,,,,,,,,,,,,,,,,,,,
tkt_1,,,,,,,,,,,,,,,,,,,,,,,
tkt_2,,,,,,,,,,,,,,,,,,,,,,,
tlyA,,,,,,,,,,,,,,,,,,,,,,,
tmcAL,,,,,,,,,,,,,,,,,,,,,,,
tmpC,,,,,,,,,,,,,,,,,,,,,,,
tpiA,,,,,,,,,,,,,,,,,,,,,,,
treR,,,,,,,,,,,,,,,,,,,,,,,
trkA,,,,,,,,,,,,,,,,,,,,,,,
trkG,,,,,,,,,,,,,,,,,,,,,,,
trmB,,,,,,,,,,,,,,,,,,,,,,,
trmFO,,,,,,,,,,,,,,,,,,,,,,,
trmK,,,,,,,,,,,,,,,,,,,,,,,
trmL,,,,,,,,,,,,,,,,,,,,,,,
trpE,,,,,,,,,,,,,,,,,,,,,,,
trpF,,,,,,,,,,,,,,,,,,,,,,,
trpS2,,,,,,,,,,,,,,,,,,,,,,,
truA,,,,,,,,,,,,,,,,,,,,,,,
trxB,,,,,,,,,,,,,,,,,,,,,,,
tsaB,,,,,,,,,,,,,,,,,,,,,,,
tsaE,,,,,,,,,,,,,,,,,,,,,,,
tyrC,,,,,,,,,,,,,,,,,,,,,,,
tyrS,,,,,,,,,,,,,,,,,,,,,,,
ubiE,,,,,,,,,,,,,,,,,,,,,,,
ubiE_1,,,,,,,,,,,,,,,,,,,,,,,
udk_2,,,,,,,,,,,,,,,,,,,,,,,
ugl,,,,,,,,,,,,,,,,,,,,,,,
ugpQ,,,,,,,,,,,,,,,,,,,,,,,
ulaA_1,,,,,,,,,,,,,,,,,,,,,,,
ulaB,,,,,,,,,,,,,,,,,,,,,,,
ulaD,,,,,,,,,,,,,,,,,,,,,,,
ulaG,,,,,,,,,,,,,,,,,,,,,,,
upp,,,,,,,,,,,,,,,,,,,,,,,
uppS,,,,,,,,,,,,,,,,,,,,,,,
uvrC,,,,,,,,,,,,,,,,,,,,,,,
valS,,,,,,,,,,,,,,,,,,,,,,,
veg,,,,,,,,,,,,,,,,,,,,,,,
vncS,,,,,,,,,,,,,,,,,,,,,,,
walK,,,,,,,,,,,,,,,,,,,,,,,
walR,,,,,,,,,,,,,,,,,,,,,,,
whiA,,,,,,,,,,,,,,,,,,,,,,,
xerD,,,,,,,,,,,,,,,,,,,,,,,
xpt,,,,,,,,,,,,,,,,,,,,,,,
xseA,,,,,,,,,,,,,,,,,,,,,,,
xseB,,,,,,,,,,,,,,,,,,,,,,,
yabA,,,,,,,,,,,,,,,,,,,,,,,
yabJ,,,,,,,,,,,,,,,,,,,,,,,
yafQ,,,,,,,,,,,,,,,,,,,,,,,
yajC,,,,,,,,,,,,,,,,,,,,,,,
yajC-1,,,,,,,,,,,,,,,,,,,,,,,
ybaK,,,,,,,,,,,,,,,,,,,,,,,
ybeY,,,,,,,,,,,,,,,,,,,,,,,
ybhL,,,,,,,,,,,,,,,,,,,,,,,
ybiT_2,,,,,,,,,,,,,,,,,,,,,,,
ybiV,,,,,,,,,,,,,,,,,,,,,,,
yccU,,,,,,,,,,,,,,,,,,,,,,,
ychF,,,,,,,,,,,,,,,,,,,,,,,
yclM,,,,,,,,,,,,,,,,,,,,,,,
yclQ,,,,,,,,,,,,,,,,,,,,,,,
ydjF,,,,,,,,,,,,,,,,,,,,,,,
ydjZ,,,,,,,,,,,,,,,,,,,,,,,
yecS,,,,,,,,,,,,,,,,,,,,,,,
yehU,,,,,,,,,,,,,,,,,,,,,,,
yeiH,,,,,,,,,,,,,,,,,,,,,,,
yfhA,,,,,,,,,,,,,,,,,,,,,,,
yfkJ,,,,,,,,,,,,,,,,,,,,,,,
yhaM,,,,,,,,,,,,,,,,,,,,,,,
yhbY,,,,,,,,,,,,,,,,,,,,,,,
yhhT_1,,,,,,,,,,,,,,,,,,,,,,,
yhhT_2,,,,,,,,,,,,,,,,,,,,,,,
yidA_1,,,,,,,,,,,,,,,,,,,,,,,
yidA_2,,,,,,,,,,,,,,,,,,,,,,,
yidC2,,,,,,,,,,,,,,,,,,,,,,,
yidD,,,,,,,,,,,,,,,,,,,,,,,
yitU,,,,,,,,,,,,,,,,,,,,,,,
yjbK,,,,,,,,,,,,,,,,,,,,,,,
yjbM,,,,,,,,,,,,,,,,,,,,,,,
yjhB,,,,,,,,,,,,,,,,,,,,,,,
yknY_2,,,,,,,,,,,,,,,,,,,,,,,
ykuL,,,,,,,,,,,,,,,,,,,,,,,
ykuT,,,,,,,,,,,,,,,,,,,,,,,
ylbL,,,,,,,,,,,,,,,,,,,,,,,
ylmG,,,,,,,,,,,,,,,,,,,,,,,
ylmH,,,,,,,,,,,,,,,,,,,,,,,
yloA,,,,,,,,,,,,,,,,,,,,,,,
ynzC,,,,,,,,,,,,,,,,,,,,,,,
yozE,,,,,,,,,,,,,,,,,,,,,,,
ypmB,,,,,,,,,,,,,,,,,,,,,,,
yqeH,,,,,,,,,,,,,,,,,,,,,,,
yqeN,,,,,,,,,,,,,,,,,,,,,,,
yqfA,,,,,,,,,,,,,,,,,,,,,,,
yqgQ,,,,,,,,,,,,,,,,,,,,,,,
yrrK,,,,,,,,,,,,,,,,,,,,,,,
ytpP,,,,,,,,,,,,,,,,,,,,,,,
ytrA,,,,,,,,,,,,,,,,,,,,,,,
yugI,,,,,,,,,,,,,,,,,,,,,,,
yusV,,,,,,,,,,,,,,,,,,,,,,,
yutD,,,,,,,,,,,,,,,,,,,,,,,
yutF,,,,,,,,,,,,,,,,,,,,,,,
yvcJ,,,,,,,,,,,,,,,,,,,,,,,
yvoA,,,,,,,,,,,,,,,,,,,,,,,
ywlC,,,,,,,,,,,,,,,,,,,,,,,
ywnA,,,,,,,,,,,,,,,,,,,,,,,
yxeN,,,,,,,,,,,,,,,,,,,,,,,
