all_core_COGs,eggnog_A,eggnog_C,eggnog_D,eggnog_E,eggnog_F,eggnog_G,eggnog_H,eggnog_I,eggnog_J,eggnog_K,eggnog_L,eggnog_M,eggnog_N,eggnog_O,eggnog_P,eggnog_Q,eggnog_T,eggnog_U,eggnog_V,eggnog_S,eggnog_NA,eggnog_NH,eggnog_mixed
AAK74609.1,dnaJ,acoA,ABJ55215.1,ACO22405.1,accA,ACF55102.1,ABJ55205.1,accB,ABJ53736.1,AAK75520.1,ABJ54146.1,AAK75964.1,,ADM84021.1,AAK75684.1,rebM,ABJ54940.1,ffh,ABJ54249.1,AAK74704.1,AAK74609.1,AAK74982.1,AAK75329.1
AAK74704.1,exoA,acyP,CAR67874.1,alaA,adk,ACO23463.1,CAR69519.1,accC,ACF56445.1,ACF56441.1,ABJ55182.1,ABC75809.1,,CBW32222.1,AAK76084.1,ubiE,ACO22480.1,ftsY,ABJ54284.1,AAK75470.1,AAK75031.1,ADM84637.1,ABJ54774.1
AAK74982.1,rnhC,adhA,crcB_2,alr,aguA,agaC,coaBC_2,accD,ACO20192.1,ACO23225.1,ADM83780.1,ACO20236.1,,dnaK,ABJ54438.1,ubiE_1,ADM84243.1,gla,ecsA_1,AAK75502.1,AAK75330.1,ADM84824.1,artP_1
AAK75031.1,,adhE,divIB,aroD,aroA,amyS,coaE,acpA,CBW32933.1,ADM85667.1,ADM91674.1,arnC_1,,dsbD_1,CBW32417.1,,CAR68407.1,ribU,femA,AAK75620.1,ABJ53609.1,ADM85035.1,bglK_1
AAK75329.1,,atpB,engB,braC,aroB,araD,dus,acpS,alaS,CBW32002.1,addA,cotS,,ftsH,artM_1,,gdpP,secE,norM,AAK75985.1,ABJ54038.1,ADM85684.1,bta
AAK75330.1,,bfmBAB,ezrA,dapA,aroC,argR_1,fpgS_1,bcrC,argR_2,CBW32984.1,ddlB,cpoA,,hslO,brnQ,,msrC,secG,,ABJ53687.1,ABJ54308.1,,cglD
AAK75470.1,,cutC_1,ftsA,dapB,aroE,celA_2,fsaA,cls,argS,agrA_2,dnaA,dacA,,pcp_2,cysA,,phpP,secY,,ABJ54927.1,ABJ55136.1,,clpP
AAK75502.1,,fer,ftsE,glnQ_1,aroL,deoB,galK_1,fabD,asnS,argR_3,dnaC,dgkA,,smpB,czcD,,sasA_1,yajC,,ABJ55057.1,ABJ55483.1,,cpnA
AAK75520.1,,gldA,ftsL,gloA,asnA,eno,hemN,fabF,cca,arlR_1,dnaD,eep,,sufB_1,ecfT_1,,vncS,yajC-1,,ABJ55104.1,ACF54761.1,,fabG
AAK75620.1,,iscU,ftsX,hom,atpE,galT,ispA,fabH,cysS,arlR_2,dnaE2,epsH,,sufC,ecsA_2,,walK,yidC2,,ABJ55288.1,ACF55488.1,,glnH_1
AAK75684.1,,ldh,ftsZ,ilvA,atpF,glcK,lplJ,fabM,def_2,birA,dnaN,galE,,sufD,fatD,,yehU,yjhB,,ACF55500.1,ACO20993.1,,idnO
AAK75964.1,,lpd,mapZ,ilvE,atpG,glmM,metK,fabZ,dtd,codY,dprA,glmU,,tsaB,fecE,,yfkJ,,,ACF55507.1,ACO21342.1,,licB
AAK75985.1,,metF,mreC,ilvH,atpH,gmuA,nadD,galK_2,efp,copY,gyrB,gtaB,,,fhuC,,ylbL,,,ACF55555.1,ACO21439.1,,lspA
AAK76084.1,,nfrA2,scpA,iscS_2,carB,gmuB,ogt,gpsA,fmt,ctsR,hsdR_2,lgt,,,fieF,,,,,ACF55626.1,ACO21661.1,,mecA
ABC75809.1,,nrdG,scpB,livF,cdd,gmuD_1,pncB2,mvaS,frr,cysB,mfd,licD1,,,glnQ_4,,,,,ACF55719.1,ACO21858.1,,nanA_2
ABJ53609.1,,pdhC,sepF,lptB,cmk,gmuD_2,pnuC,pgpB,fus,dtxR,mutM,licD2,,,glpE,,,,,ACF55883.1,ACO22687.1,,resA_1
ABJ53687.1,,pepV,smc,lysA,coaA,gpmA_2,ribF,pgsA,gltX,ethR,mutS2,licD3,,,group_14635,,,,,ACF56015.1,ACO23207.1,,tcyJ
ABJ53736.1,,pflA,,metZ,cshB,gtfA,rsmI,plsX,glyQ,gabR,nudF,lytB,,,lacF_1,,,,,ACF56083.1,ACO23718.1,,ytpP
ABJ54038.1,,pox5,,mtnN,ddl,kdgA,sulA,plsY,glyS,glnR,parE,mgtA,,,livH,,,,,ACF56200.1,ADM84979.1,,
ABJ54146.1,,ppaC,,neuA,deoC,lacA,tarI,,hpf,gmuR,pdg,mraY,,,livM,,,,,ACF56577.1,ADM85443.1,,
ABJ54249.1,,pta,,nspC,deoD_1,lacB,thiD,,hslR,greA,polA,mreD,,,mglA,,,,,ACO20179.1,ADM90352.1,,
ABJ54284.1,,sodA,,oppF,dut,lacF_3,thiE_1,,ileS,hdfR,priA,mshA,,,mgsR,,,,,ACO20182.1,CAR68440.1,,
ABJ54308.1,,trxB,,pepA_1,ecfA1,lacG_2,thiN,,infA,kdgR,radA,mtgA,,,mltF,,,,,ACO20690.1,CBW31879.1,,
ABJ54438.1,,tyrC,,pepC,ecfA2,levE_1,trpE,,infC,kstR2,recA,murA1_1,,,mltF_2,,,,,ACO21098.1,CBW33058.1,,
ABJ54774.1,,ugpQ,,pepF1_2,fni,licA,uppS,,miaA,lacR_1,recF,murB,,,mntB,,,,,ACO21284.1,capA,,
ABJ54927.1,,,,pepS,folE,manX,,,mnmE,lacR_2,recJ,murE,,,modB,,,,,ACO21499.1,hlyB,,
ABJ54940.1,,,,pheA,gmk,manX_1,,,mrnC,lacR_3,recN,murF_1,,,mtcA1,,,,,ACO21520.1,polC_1,,
ABJ55057.1,,,,potA,group_4633,msmE,,,pheS,licR,recO,murF_2,,,nhaK,,,,,ACO22378.1,,,
ABJ55104.1,,,,potD,guaB,pgl,,,pheT_1,lytR_1,recR,murG,,,opuBA,,,,,ACO22427.1,,,
ABJ55136.1,,,,proC,guaC,ptsH,,,prfC,marR,recU,pbpF,,,opuCC,,,,,ACO22492.1,,,
ABJ55182.1,,,,radC,hprK,rpe,,,prmC,murC,rexB,pbpX,,,phnA,,,,,ACO22878.1,,,
ABJ55205.1,,,,sarA_3,hpt,scrB,,,proS,nusG,rsmD,penA,,,phoU_1,,,,,ACO23347.1,,,
ABJ55215.1,,,,yclM,ilvC,sorA,,,pth,phnO,ruvB_2,pglJ,,,phoU_2,,,,,ACO23921.1,,,
ABJ55288.1,,,,,mtaD,tkt_1,,,rlmH,phoB,xerD,ponA,,,psaA,,,,,ACO23994.1,,,
ABJ55483.1,,,,,nadE,ulaB,,,rlmI,purR,yabA,rpsO_2,,,pstA_1,,,,,ACO24058.1,,,
ACF54761.1,,,,,nadK,ulaD,,,rlmN,recX,yqeN,srtA,,,pstA_2,,,,,ACO24111.1,,,
ACF55102.1,,,,,nagB,yutF,,,rluB,rpoA,yrrK,thiK,,,pstB3_2,,,,,ADM83772.1,,,
ACF55488.1,,,,,ndk,,,,rluD_1,rpoC,,tmpC,,,pstB3_3,,,,,ADM84297.1,,,
ACF55500.1,,,,,nrdD,,,,rluD_2,rpoE,,ykuT,,,pstC,,,,,ADM84422.1,,,
ACF55507.1,,,,,pdp,,,,rnc,rpoZ,,,,,pstC_2,,,,,ADM84679.1,,,
ACF55555.1,,,,,pdxT,,,,rnj1,saeR,,,,,pstS1,,,,,ADM84690.1,,,
ACF55626.1,,,,,pfkA,,,,rnj2,sigA,,,,,pstS2,,,,,ADM84692.1,,,
ACF55719.1,,,,,pgk,,,,rnr,slyA,,,,,ribX,,,,,ADM85023.1,,,
ACF55883.1,,,,,proA,,,,rnz,spo0J,,,,,shetA,,,,,ADM85374.1,,,
ACF56015.1,,,,,prs2,,,,rplB,spxA_2,,,,,skfE,,,,,ADM85602.1,,,
ACF56083.1,,,,,punA,,,,rplC,tenA_1,,,,,sstT,,,,,ADM90697.1,,,
ACF56200.1,,,,,pyrB,,,,rplD,treR,,,,,sugC,,,,,ADM91052.1,,,
ACF56441.1,,,,,pyrC,,,,rplE,walR,,,,,tcyC,,,,,ADM91130.1,,,
ACF56445.1,,,,,pyrDA,,,,rplF,whiA,,,,,thiY,,,,,ADM91322.1,,,
ACF56577.1,,,,,pyrDB,,,,rplI,ydjF,,,,,trkA,,,,,ADM91689.1,,,
ACO20179.1,,,,,pyrG,,,,rplN,yloA,,,,,trkG,,,,,CAR68455.1,,,
ACO20182.1,,,,,pyrH,,,,rplO,ytrA,,,,,yclQ,,,,,CAR69130.1,,,
ACO20192.1,,,,,pyrR,,,,rplP,yvoA,,,,,yecS,,,,,CAR69174.1,,,
ACO20236.1,,,,,queA,,,,rplQ,ywnA,,,,,yfhA,,,,,CAR69500.1,,,
ACO20690.1,,,,,rdgB,,,,rplR,,,,,,yknY_2,,,,,CAR69621.1,,,
ACO20993.1,,,,,rpiA,,,,rplS,,,,,,yusV,,,,,CAR69639.1,,,
ACO21098.1,,,,,sasA_3,,,,rplT,,,,,,yxeN,,,,,CBW32173.1,,,
ACO21284.1,,,,,sulD,,,,rplU,,,,,,,,,,,CBW32260.1,,,
ACO21342.1,,,,,tadA_1,,,,rplV,,,,,,,,,,,CBW33230.1,,,
ACO21439.1,,,,,tarJ,,,,rplW,,,,,,,,,,,CBW33305.1,,,
ACO21499.1,,,,,thrB,,,,rplX,,,,,,,,,,,CBW33594.1,,,
ACO21520.1,,,,,thyA,,,,rpmA,,,,,,,,,,,CBW33619.1,,,
ACO21661.1,,,,,tkt_2,,,,rpmB,,,,,,,,,,,aguB,,,
ACO21858.1,,,,,tpiA,,,,rpmC,,,,,,,,,,,albF,,,
ACO22378.1,,,,,trpF,,,,rpmD,,,,,,,,,,,asp,,,
ACO22405.1,,,,,udk_2,,,,rpmH,,,,,,,,,,,axe1-6A,,,
ACO22427.1,,,,,upp,,,,rpmI,,,,,,,,,,,cdaR,,,
ACO22480.1,,,,,xpt,,,,rpmJ,,,,,,,,,,,cdsA,,,
ACO22492.1,,,,,,,,,rpsA,,,,,,,,,,,chrR,,,
ACO22687.1,,,,,,,,,rpsC,,,,,,,,,,,coiA,,,
ACO22878.1,,,,,,,,,rpsE,,,,,,,,,,,comFC,,,
ACO23207.1,,,,,,,,,rpsF,,,,,,,,,,,cvfB,,,
ACO23225.1,,,,,,,,,rpsG,,,,,,,,,,,cvpA,,,
ACO23347.1,,,,,,,,,rpsH,,,,,,,,,,,era,,,
ACO23463.1,,,,,,,,,rpsJ,,,,,,,,,,,fabK,,,
ACO23718.1,,,,,,,,,rpsK,,,,,,,,,,,gluP,,,
ACO23921.1,,,,,,,,,rpsL,,,,,,,,,,,gph_1,,,
ACO23994.1,,,,,,,,,rpsM,,,,,,,,,,,lemA,,,
ACO24058.1,,,,,,,,,rpsN2,,,,,,,,,,,lytA_1,,,
ACO24111.1,,,,,,,,,rpsO,,,,,,,,,,,lytA_3,,,
ADM83772.1,,,,,,,,,rpsQ,,,,,,,,,,,metG_1,,,
ADM83780.1,,,,,,,,,rpsR,,,,,,,,,,,miaB,,,
ADM84021.1,,,,,,,,,rpsS,,,,,,,,,,,mltG,,,
ADM84243.1,,,,,,,,,rpsU,,,,,,,,,,,murE2,,,
ADM84297.1,,,,,,,,,rsfS,,,,,,,,,,,pncO,,,
ADM84422.1,,,,,,,,,rsmA,,,,,,,,,,,proS_2,,,
ADM84637.1,,,,,,,,,rsmB,,,,,,,,,,,rbgA,,,
ADM84679.1,,,,,,,,,rsmC,,,,,,,,,,,rodZ,,,
ADM84690.1,,,,,,,,,rsmE,,,,,,,,,,,sapB,,,
ADM84692.1,,,,,,,,,rsmF,,,,,,,,,,,sufT,,,
ADM84824.1,,,,,,,,,rsmG,,,,,,,,,,,sufT_1,,,
ADM84979.1,,,,,,,,,rsmH,,,,,,,,,,,tacF,,,
ADM85023.1,,,,,,,,,rsmH_2,,,,,,,,,,,thiW,,,
ADM85035.1,,,,,,,,,serS,,,,,,,,,,,tmcAL,,,
ADM85374.1,,,,,,,,,thrS,,,,,,,,,,,trmK,,,
ADM85443.1,,,,,,,,,tilS,,,,,,,,,,,tsaE,,,
ADM85602.1,,,,,,,,,tlyA,,,,,,,,,,,ugl,,,
ADM85667.1,,,,,,,,,trmB,,,,,,,,,,,ulaA_1,,,
ADM85684.1,,,,,,,,,trmFO,,,,,,,,,,,ulaG,,,
ADM90352.1,,,,,,,,,trmL,,,,,,,,,,,veg,,,
ADM90697.1,,,,,,,,,trpS2,,,,,,,,,,,yafQ,,,
ADM91052.1,,,,,,,,,truA,,,,,,,,,,,ybaK,,,
ADM91130.1,,,,,,,,,tyrS,,,,,,,,,,,ybhL,,,
ADM91322.1,,,,,,,,,uvrC,,,,,,,,,,,ybiT_2,,,
ADM91674.1,,,,,,,,,valS,,,,,,,,,,,ybiV,,,
ADM91689.1,,,,,,,,,xseA,,,,,,,,,,,yccU,,,
CAR67874.1,,,,,,,,,xseB,,,,,,,,,,,ydjZ,,,
CAR68407.1,,,,,,,,,yabJ,,,,,,,,,,,yeiH,,,
CAR68440.1,,,,,,,,,ybeY,,,,,,,,,,,yhaM,,,
CAR68455.1,,,,,,,,,ychF,,,,,,,,,,,yhhT_1,,,
CAR69130.1,,,,,,,,,yhbY,,,,,,,,,,,yhhT_2,,,
CAR69174.1,,,,,,,,,yugI,,,,,,,,,,,yidA_1,,,
CAR69500.1,,,,,,,,,ywlC,,,,,,,,,,,yidA_2,,,
CAR69519.1,,,,,,,,,,,,,,,,,,,,yidD,,,
CAR69621.1,,,,,,,,,,,,,,,,,,,,yitU,,,
CAR69639.1,,,,,,,,,,,,,,,,,,,,yjbK,,,
CBW31879.1,,,,,,,,,,,,,,,,,,,,yjbM,,,
CBW32002.1,,,,,,,,,,,,,,,,,,,,ykuL,,,
CBW32173.1,,,,,,,,,,,,,,,,,,,,ylmG,,,
CBW32222.1,,,,,,,,,,,,,,,,,,,,ylmH,,,
CBW32260.1,,,,,,,,,,,,,,,,,,,,ynzC,,,
CBW32417.1,,,,,,,,,,,,,,,,,,,,yozE,,,
CBW32933.1,,,,,,,,,,,,,,,,,,,,ypmB,,,
CBW32984.1,,,,,,,,,,,,,,,,,,,,yqeH,,,
CBW33058.1,,,,,,,,,,,,,,,,,,,,yqfA,,,
CBW33230.1,,,,,,,,,,,,,,,,,,,,yqgQ,,,
CBW33305.1,,,,,,,,,,,,,,,,,,,,yutD,,,
CBW33594.1,,,,,,,,,,,,,,,,,,,,yvcJ,,,
CBW33619.1,,,,,,,,,,,,,,,,,,,,,,,
accA,,,,,,,,,,,,,,,,,,,,,,,
accB,,,,,,,,,,,,,,,,,,,,,,,
accC,,,,,,,,,,,,,,,,,,,,,,,
accD,,,,,,,,,,,,,,,,,,,,,,,
acoA,,,,,,,,,,,,,,,,,,,,,,,
acpA,,,,,,,,,,,,,,,,,,,,,,,
acpS,,,,,,,,,,,,,,,,,,,,,,,
acyP,,,,,,,,,,,,,,,,,,,,,,,
addA,,,,,,,,,,,,,,,,,,,,,,,
adhA,,,,,,,,,,,,,,,,,,,,,,,
adhE,,,,,,,,,,,,,,,,,,,,,,,
adk,,,,,,,,,,,,,,,,,,,,,,,
agaC,,,,,,,,,,,,,,,,,,,,,,,
agrA_2,,,,,,,,,,,,,,,,,,,,,,,
aguA,,,,,,,,,,,,,,,,,,,,,,,
aguB,,,,,,,,,,,,,,,,,,,,,,,
alaA,,,,,,,,,,,,,,,,,,,,,,,
alaS,,,,,,,,,,,,,,,,,,,,,,,
albF,,,,,,,,,,,,,,,,,,,,,,,
alr,,,,,,,,,,,,,,,,,,,,,,,
amyS,,,,,,,,,,,,,,,,,,,,,,,
araD,,,,,,,,,,,,,,,,,,,,,,,
argR_1,,,,,,,,,,,,,,,,,,,,,,,
argR_2,,,,,,,,,,,,,,,,,,,,,,,
argR_3,,,,,,,,,,,,,,,,,,,,,,,
argS,,,,,,,,,,,,,,,,,,,,,,,
arlR_1,,,,,,,,,,,,,,,,,,,,,,,
arlR_2,,,,,,,,,,,,,,,,,,,,,,,
arnC_1,,,,,,,,,,,,,,,,,,,,,,,
aroA,,,,,,,,,,,,,,,,,,,,,,,
aroB,,,,,,,,,,,,,,,,,,,,,,,
aroC,,,,,,,,,,,,,,,,,,,,,,,
aroD,,,,,,,,,,,,,,,,,,,,,,,
aroE,,,,,,,,,,,,,,,,,,,,,,,
aroL,,,,,,,,,,,,,,,,,,,,,,,
artM_1,,,,,,,,,,,,,,,,,,,,,,,
artP_1,,,,,,,,,,,,,,,,,,,,,,,
asnA,,,,,,,,,,,,,,,,,,,,,,,
asnS,,,,,,,,,,,,,,,,,,,,,,,
asp,,,,,,,,,,,,,,,,,,,,,,,
atpB,,,,,,,,,,,,,,,,,,,,,,,
atpE,,,,,,,,,,,,,,,,,,,,,,,
atpF,,,,,,,,,,,,,,,,,,,,,,,
atpG,,,,,,,,,,,,,,,,,,,,,,,
atpH,,,,,,,,,,,,,,,,,,,,,,,
axe1-6A,,,,,,,,,,,,,,,,,,,,,,,
bcrC,,,,,,,,,,,,,,,,,,,,,,,
bfmBAB,,,,,,,,,,,,,,,,,,,,,,,
bglK_1,,,,,,,,,,,,,,,,,,,,,,,
birA,,,,,,,,,,,,,,,,,,,,,,,
braC,,,,,,,,,,,,,,,,,,,,,,,
brnQ,,,,,,,,,,,,,,,,,,,,,,,
bta,,,,,,,,,,,,,,,,,,,,,,,
capA,,,,,,,,,,,,,,,,,,,,,,,
carB,,,,,,,,,,,,,,,,,,,,,,,
cca,,,,,,,,,,,,,,,,,,,,,,,
cdaR,,,,,,,,,,,,,,,,,,,,,,,
cdd,,,,,,,,,,,,,,,,,,,,,,,
cdsA,,,,,,,,,,,,,,,,,,,,,,,
celA_2,,,,,,,,,,,,,,,,,,,,,,,
cglD,,,,,,,,,,,,,,,,,,,,,,,
chrR,,,,,,,,,,,,,,,,,,,,,,,
clpP,,,,,,,,,,,,,,,,,,,,,,,
cls,,,,,,,,,,,,,,,,,,,,,,,
cmk,,,,,,,,,,,,,,,,,,,,,,,
coaA,,,,,,,,,,,,,,,,,,,,,,,
coaBC_2,,,,,,,,,,,,,,,,,,,,,,,
coaE,,,,,,,,,,,,,,,,,,,,,,,
codY,,,,,,,,,,,,,,,,,,,,,,,
coiA,,,,,,,,,,,,,,,,,,,,,,,
comFC,,,,,,,,,,,,,,,,,,,,,,,
copY,,,,,,,,,,,,,,,,,,,,,,,
cotS,,,,,,,,,,,,,,,,,,,,,,,
cpnA,,,,,,,,,,,,,,,,,,,,,,,
cpoA,,,,,,,,,,,,,,,,,,,,,,,
crcB_2,,,,,,,,,,,,,,,,,,,,,,,
cshB,,,,,,,,,,,,,,,,,,,,,,,
ctsR,,,,,,,,,,,,,,,,,,,,,,,
cutC_1,,,,,,,,,,,,,,,,,,,,,,,
cvfB,,,,,,,,,,,,,,,,,,,,,,,
cvpA,,,,,,,,,,,,,,,,,,,,,,,
cysA,,,,,,,,,,,,,,,,,,,,,,,
cysB,,,,,,,,,,,,,,,,,,,,,,,
cysS,,,,,,,,,,,,,,,,,,,,,,,
czcD,,,,,,,,,,,,,,,,,,,,,,,
dacA,,,,,,,,,,,,,,,,,,,,,,,
dapA,,,,,,,,,,,,,,,,,,,,,,,
dapB,,,,,,,,,,,,,,,,,,,,,,,
ddl,,,,,,,,,,,,,,,,,,,,,,,
ddlB,,,,,,,,,,,,,,,,,,,,,,,
def_2,,,,,,,,,,,,,,,,,,,,,,,
deoB,,,,,,,,,,,,,,,,,,,,,,,
deoC,,,,,,,,,,,,,,,,,,,,,,,
deoD_1,,,,,,,,,,,,,,,,,,,,,,,
dgkA,,,,,,,,,,,,,,,,,,,,,,,
divIB,,,,,,,,,,,,,,,,,,,,,,,
dnaA,,,,,,,,,,,,,,,,,,,,,,,
dnaC,,,,,,,,,,,,,,,,,,,,,,,
dnaD,,,,,,,,,,,,,,,,,,,,,,,
dnaE2,,,,,,,,,,,,,,,,,,,,,,,
dnaJ,,,,,,,,,,,,,,,,,,,,,,,
dnaK,,,,,,,,,,,,,,,,,,,,,,,
dnaN,,,,,,,,,,,,,,,,,,,,,,,
dprA,,,,,,,,,,,,,,,,,,,,,,,
dsbD_1,,,,,,,,,,,,,,,,,,,,,,,
dtd,,,,,,,,,,,,,,,,,,,,,,,
dtxR,,,,,,,,,,,,,,,,,,,,,,,
dus,,,,,,,,,,,,,,,,,,,,,,,
dut,,,,,,,,,,,,,,,,,,,,,,,
ecfA1,,,,,,,,,,,,,,,,,,,,,,,
ecfA2,,,,,,,,,,,,,,,,,,,,,,,
ecfT_1,,,,,,,,,,,,,,,,,,,,,,,
ecsA_1,,,,,,,,,,,,,,,,,,,,,,,
ecsA_2,,,,,,,,,,,,,,,,,,,,,,,
eep,,,,,,,,,,,,,,,,,,,,,,,
efp,,,,,,,,,,,,,,,,,,,,,,,
engB,,,,,,,,,,,,,,,,,,,,,,,
eno,,,,,,,,,,,,,,,,,,,,,,,
epsH,,,,,,,,,,,,,,,,,,,,,,,
era,,,,,,,,,,,,,,,,,,,,,,,
ethR,,,,,,,,,,,,,,,,,,,,,,,
exoA,,,,,,,,,,,,,,,,,,,,,,,
ezrA,,,,,,,,,,,,,,,,,,,,,,,
fabD,,,,,,,,,,,,,,,,,,,,,,,
fabF,,,,,,,,,,,,,,,,,,,,,,,
fabG,,,,,,,,,,,,,,,,,,,,,,,
fabH,,,,,,,,,,,,,,,,,,,,,,,
fabK,,,,,,,,,,,,,,,,,,,,,,,
fabM,,,,,,,,,,,,,,,,,,,,,,,
fabZ,,,,,,,,,,,,,,,,,,,,,,,
fatD,,,,,,,,,,,,,,,,,,,,,,,
fecE,,,,,,,,,,,,,,,,,,,,,,,
femA,,,,,,,,,,,,,,,,,,,,,,,
fer,,,,,,,,,,,,,,,,,,,,,,,
ffh,,,,,,,,,,,,,,,,,,,,,,,
fhuC,,,,,,,,,,,,,,,,,,,,,,,
fieF,,,,,,,,,,,,,,,,,,,,,,,
fmt,,,,,,,,,,,,,,,,,,,,,,,
fni,,,,,,,,,,,,,,,,,,,,,,,
folE,,,,,,,,,,,,,,,,,,,,,,,
fpgS_1,,,,,,,,,,,,,,,,,,,,,,,
frr,,,,,,,,,,,,,,,,,,,,,,,
fsaA,,,,,,,,,,,,,,,,,,,,,,,
ftsA,,,,,,,,,,,,,,,,,,,,,,,
ftsE,,,,,,,,,,,,,,,,,,,,,,,
ftsH,,,,,,,,,,,,,,,,,,,,,,,
ftsL,,,,,,,,,,,,,,,,,,,,,,,
ftsX,,,,,,,,,,,,,,,,,,,,,,,
ftsY,,,,,,,,,,,,,,,,,,,,,,,
ftsZ,,,,,,,,,,,,,,,,,,,,,,,
fus,,,,,,,,,,,,,,,,,,,,,,,
gabR,,,,,,,,,,,,,,,,,,,,,,,
galE,,,,,,,,,,,,,,,,,,,,,,,
galK_1,,,,,,,,,,,,,,,,,,,,,,,
galK_2,,,,,,,,,,,,,,,,,,,,,,,
galT,,,,,,,,,,,,,,,,,,,,,,,
gdpP,,,,,,,,,,,,,,,,,,,,,,,
gla,,,,,,,,,,,,,,,,,,,,,,,
glcK,,,,,,,,,,,,,,,,,,,,,,,
gldA,,,,,,,,,,,,,,,,,,,,,,,
glmM,,,,,,,,,,,,,,,,,,,,,,,
glmU,,,,,,,,,,,,,,,,,,,,,,,
glnH_1,,,,,,,,,,,,,,,,,,,,,,,
glnQ_1,,,,,,,,,,,,,,,,,,,,,,,
glnQ_4,,,,,,,,,,,,,,,,,,,,,,,
glnR,,,,,,,,,,,,,,,,,,,,,,,
gloA,,,,,,,,,,,,,,,,,,,,,,,
glpE,,,,,,,,,,,,,,,,,,,,,,,
gltX,,,,,,,,,,,,,,,,,,,,,,,
gluP,,,,,,,,,,,,,,,,,,,,,,,
glyQ,,,,,,,,,,,,,,,,,,,,,,,
glyS,,,,,,,,,,,,,,,,,,,,,,,
gmk,,,,,,,,,,,,,,,,,,,,,,,
gmuA,,,,,,,,,,,,,,,,,,,,,,,
gmuB,,,,,,,,,,,,,,,,,,,,,,,
gmuD_1,,,,,,,,,,,,,,,,,,,,,,,
gmuD_2,,,,,,,,,,,,,,,,,,,,,,,
gmuR,,,,,,,,,,,,,,,,,,,,,,,
gph_1,,,,,,,,,,,,,,,,,,,,,,,
gpmA_2,,,,,,,,,,,,,,,,,,,,,,,
gpsA,,,,,,,,,,,,,,,,,,,,,,,
greA,,,,,,,,,,,,,,,,,,,,,,,
group_14635,,,,,,,,,,,,,,,,,,,,,,,
group_4633,,,,,,,,,,,,,,,,,,,,,,,
gtaB,,,,,,,,,,,,,,,,,,,,,,,
gtfA,,,,,,,,,,,,,,,,,,,,,,,
guaB,,,,,,,,,,,,,,,,,,,,,,,
guaC,,,,,,,,,,,,,,,,,,,,,,,
gyrB,,,,,,,,,,,,,,,,,,,,,,,
hdfR,,,,,,,,,,,,,,,,,,,,,,,
hemN,,,,,,,,,,,,,,,,,,,,,,,
hlyB,,,,,,,,,,,,,,,,,,,,,,,
hom,,,,,,,,,,,,,,,,,,,,,,,
hpf,,,,,,,,,,,,,,,,,,,,,,,
hprK,,,,,,,,,,,,,,,,,,,,,,,
hpt,,,,,,,,,,,,,,,,,,,,,,,
hsdR_2,,,,,,,,,,,,,,,,,,,,,,,
hslO,,,,,,,,,,,,,,,,,,,,,,,
hslR,,,,,,,,,,,,,,,,,,,,,,,
idnO,,,,,,,,,,,,,,,,,,,,,,,
ileS,,,,,,,,,,,,,,,,,,,,,,,
ilvA,,,,,,,,,,,,,,,,,,,,,,,
ilvC,,,,,,,,,,,,,,,,,,,,,,,
ilvE,,,,,,,,,,,,,,,,,,,,,,,
ilvH,,,,,,,,,,,,,,,,,,,,,,,
infA,,,,,,,,,,,,,,,,,,,,,,,
infC,,,,,,,,,,,,,,,,,,,,,,,
iscS_2,,,,,,,,,,,,,,,,,,,,,,,
iscU,,,,,,,,,,,,,,,,,,,,,,,
ispA,,,,,,,,,,,,,,,,,,,,,,,
kdgA,,,,,,,,,,,,,,,,,,,,,,,
kdgR,,,,,,,,,,,,,,,,,,,,,,,
kstR2,,,,,,,,,,,,,,,,,,,,,,,
lacA,,,,,,,,,,,,,,,,,,,,,,,
lacB,,,,,,,,,,,,,,,,,,,,,,,
lacF_1,,,,,,,,,,,,,,,,,,,,,,,
lacF_3,,,,,,,,,,,,,,,,,,,,,,,
lacG_2,,,,,,,,,,,,,,,,,,,,,,,
lacR_1,,,,,,,,,,,,,,,,,,,,,,,
lacR_2,,,,,,,,,,,,,,,,,,,,,,,
lacR_3,,,,,,,,,,,,,,,,,,,,,,,
ldh,,,,,,,,,,,,,,,,,,,,,,,
lemA,,,,,,,,,,,,,,,,,,,,,,,
levE_1,,,,,,,,,,,,,,,,,,,,,,,
lgt,,,,,,,,,,,,,,,,,,,,,,,
licA,,,,,,,,,,,,,,,,,,,,,,,
licB,,,,,,,,,,,,,,,,,,,,,,,
licD1,,,,,,,,,,,,,,,,,,,,,,,
licD2,,,,,,,,,,,,,,,,,,,,,,,
licD3,,,,,,,,,,,,,,,,,,,,,,,
licR,,,,,,,,,,,,,,,,,,,,,,,
livF,,,,,,,,,,,,,,,,,,,,,,,
livH,,,,,,,,,,,,,,,,,,,,,,,
livM,,,,,,,,,,,,,,,,,,,,,,,
lpd,,,,,,,,,,,,,,,,,,,,,,,
lplJ,,,,,,,,,,,,,,,,,,,,,,,
lptB,,,,,,,,,,,,,,,,,,,,,,,
lspA,,,,,,,,,,,,,,,,,,,,,,,
lysA,,,,,,,,,,,,,,,,,,,,,,,
lytA_1,,,,,,,,,,,,,,,,,,,,,,,
lytA_3,,,,,,,,,,,,,,,,,,,,,,,
lytB,,,,,,,,,,,,,,,,,,,,,,,
lytR_1,,,,,,,,,,,,,,,,,,,,,,,
manX,,,,,,,,,,,,,,,,,,,,,,,
manX_1,,,,,,,,,,,,,,,,,,,,,,,
mapZ,,,,,,,,,,,,,,,,,,,,,,,
marR,,,,,,,,,,,,,,,,,,,,,,,
mecA,,,,,,,,,,,,,,,,,,,,,,,
metF,,,,,,,,,,,,,,,,,,,,,,,
metG_1,,,,,,,,,,,,,,,,,,,,,,,
metK,,,,,,,,,,,,,,,,,,,,,,,
metZ,,,,,,,,,,,,,,,,,,,,,,,
mfd,,,,,,,,,,,,,,,,,,,,,,,
mglA,,,,,,,,,,,,,,,,,,,,,,,
mgsR,,,,,,,,,,,,,,,,,,,,,,,
mgtA,,,,,,,,,,,,,,,,,,,,,,,
miaA,,,,,,,,,,,,,,,,,,,,,,,
miaB,,,,,,,,,,,,,,,,,,,,,,,
mltF,,,,,,,,,,,,,,,,,,,,,,,
mltF_2,,,,,,,,,,,,,,,,,,,,,,,
mltG,,,,,,,,,,,,,,,,,,,,,,,
mnmE,,,,,,,,,,,,,,,,,,,,,,,
mntB,,,,,,,,,,,,,,,,,,,,,,,
modB,,,,,,,,,,,,,,,,,,,,,,,
mraY,,,,,,,,,,,,,,,,,,,,,,,
mreC,,,,,,,,,,,,,,,,,,,,,,,
mreD,,,,,,,,,,,,,,,,,,,,,,,
mrnC,,,,,,,,,,,,,,,,,,,,,,,
mshA,,,,,,,,,,,,,,,,,,,,,,,
msmE,,,,,,,,,,,,,,,,,,,,,,,
msrC,,,,,,,,,,,,,,,,,,,,,,,
mtaD,,,,,,,,,,,,,,,,,,,,,,,
mtcA1,,,,,,,,,,,,,,,,,,,,,,,
mtgA,,,,,,,,,,,,,,,,,,,,,,,
mtnN,,,,,,,,,,,,,,,,,,,,,,,
murA1_1,,,,,,,,,,,,,,,,,,,,,,,
murB,,,,,,,,,,,,,,,,,,,,,,,
murC,,,,,,,,,,,,,,,,,,,,,,,
murE,,,,,,,,,,,,,,,,,,,,,,,
murE2,,,,,,,,,,,,,,,,,,,,,,,
murF_1,,,,,,,,,,,,,,,,,,,,,,,
murF_2,,,,,,,,,,,,,,,,,,,,,,,
murG,,,,,,,,,,,,,,,,,,,,,,,
mutM,,,,,,,,,,,,,,,,,,,,,,,
mutS2,,,,,,,,,,,,,,,,,,,,,,,
mvaS,,,,,,,,,,,,,,,,,,,,,,,
nadD,,,,,,,,,,,,,,,,,,,,,,,
nadE,,,,,,,,,,,,,,,,,,,,,,,
nadK,,,,,,,,,,,,,,,,,,,,,,,
nagB,,,,,,,,,,,,,,,,,,,,,,,
nanA_2,,,,,,,,,,,,,,,,,,,,,,,
ndk,,,,,,,,,,,,,,,,,,,,,,,
neuA,,,,,,,,,,,,,,,,,,,,,,,
nfrA2,,,,,,,,,,,,,,,,,,,,,,,
nhaK,,,,,,,,,,,,,,,,,,,,,,,
norM,,,,,,,,,,,,,,,,,,,,,,,
nrdD,,,,,,,,,,,,,,,,,,,,,,,
nrdG,,,,,,,,,,,,,,,,,,,,,,,
nspC,,,,,,,,,,,,,,,,,,,,,,,
nudF,,,,,,,,,,,,,,,,,,,,,,,
nusG,,,,,,,,,,,,,,,,,,,,,,,
ogt,,,,,,,,,,,,,,,,,,,,,,,
oppF,,,,,,,,,,,,,,,,,,,,,,,
opuBA,,,,,,,,,,,,,,,,,,,,,,,
opuCC,,,,,,,,,,,,,,,,,,,,,,,
parE,,,,,,,,,,,,,,,,,,,,,,,
pbpF,,,,,,,,,,,,,,,,,,,,,,,
pbpX,,,,,,,,,,,,,,,,,,,,,,,
pcp_2,,,,,,,,,,,,,,,,,,,,,,,
pdg,,,,,,,,,,,,,,,,,,,,,,,
pdhC,,,,,,,,,,,,,,,,,,,,,,,
pdp,,,,,,,,,,,,,,,,,,,,,,,
pdxT,,,,,,,,,,,,,,,,,,,,,,,
penA,,,,,,,,,,,,,,,,,,,,,,,
pepA_1,,,,,,,,,,,,,,,,,,,,,,,
pepC,,,,,,,,,,,,,,,,,,,,,,,
pepF1_2,,,,,,,,,,,,,,,,,,,,,,,
pepS,,,,,,,,,,,,,,,,,,,,,,,
pepV,,,,,,,,,,,,,,,,,,,,,,,
pfkA,,,,,,,,,,,,,,,,,,,,,,,
pflA,,,,,,,,,,,,,,,,,,,,,,,
pgk,,,,,,,,,,,,,,,,,,,,,,,
pgl,,,,,,,,,,,,,,,,,,,,,,,
pglJ,,,,,,,,,,,,,,,,,,,,,,,
pgpB,,,,,,,,,,,,,,,,,,,,,,,
pgsA,,,,,,,,,,,,,,,,,,,,,,,
pheA,,,,,,,,,,,,,,,,,,,,,,,
pheS,,,,,,,,,,,,,,,,,,,,,,,
pheT_1,,,,,,,,,,,,,,,,,,,,,,,
phnA,,,,,,,,,,,,,,,,,,,,,,,
phnO,,,,,,,,,,,,,,,,,,,,,,,
phoB,,,,,,,,,,,,,,,,,,,,,,,
phoU_1,,,,,,,,,,,,,,,,,,,,,,,
phoU_2,,,,,,,,,,,,,,,,,,,,,,,
phpP,,,,,,,,,,,,,,,,,,,,,,,
plsX,,,,,,,,,,,,,,,,,,,,,,,
plsY,,,,,,,,,,,,,,,,,,,,,,,
pncB2,,,,,,,,,,,,,,,,,,,,,,,
pncO,,,,,,,,,,,,,,,,,,,,,,,
pnuC,,,,,,,,,,,,,,,,,,,,,,,
polA,,,,,,,,,,,,,,,,,,,,,,,
polC_1,,,,,,,,,,,,,,,,,,,,,,,
ponA,,,,,,,,,,,,,,,,,,,,,,,
potA,,,,,,,,,,,,,,,,,,,,,,,
potD,,,,,,,,,,,,,,,,,,,,,,,
pox5,,,,,,,,,,,,,,,,,,,,,,,
ppaC,,,,,,,,,,,,,,,,,,,,,,,
prfC,,,,,,,,,,,,,,,,,,,,,,,
priA,,,,,,,,,,,,,,,,,,,,,,,
prmC,,,,,,,,,,,,,,,,,,,,,,,
proA,,,,,,,,,,,,,,,,,,,,,,,
proC,,,,,,,,,,,,,,,,,,,,,,,
proS,,,,,,,,,,,,,,,,,,,,,,,
proS_2,,,,,,,,,,,,,,,,,,,,,,,
prs2,,,,,,,,,,,,,,,,,,,,,,,
psaA,,,,,,,,,,,,,,,,,,,,,,,
pstA_1,,,,,,,,,,,,,,,,,,,,,,,
pstA_2,,,,,,,,,,,,,,,,,,,,,,,
pstB3_2,,,,,,,,,,,,,,,,,,,,,,,
pstB3_3,,,,,,,,,,,,,,,,,,,,,,,
pstC,,,,,,,,,,,,,,,,,,,,,,,
pstC_2,,,,,,,,,,,,,,,,,,,,,,,
pstS1,,,,,,,,,,,,,,,,,,,,,,,
pstS2,,,,,,,,,,,,,,,,,,,,,,,
pta,,,,,,,,,,,,,,,,,,,,,,,
pth,,,,,,,,,,,,,,,,,,,,,,,
ptsH,,,,,,,,,,,,,,,,,,,,,,,
punA,,,,,,,,,,,,,,,,,,,,,,,
purR,,,,,,,,,,,,,,,,,,,,,,,
pyrB,,,,,,,,,,,,,,,,,,,,,,,
pyrC,,,,,,,,,,,,,,,,,,,,,,,
pyrDA,,,,,,,,,,,,,,,,,,,,,,,
pyrDB,,,,,,,,,,,,,,,,,,,,,,,
pyrG,,,,,,,,,,,,,,,,,,,,,,,
pyrH,,,,,,,,,,,,,,,,,,,,,,,
pyrR,,,,,,,,,,,,,,,,,,,,,,,
queA,,,,,,,,,,,,,,,,,,,,,,,
radA,,,,,,,,,,,,,,,,,,,,,,,
radC,,,,,,,,,,,,,,,,,,,,,,,
rbgA,,,,,,,,,,,,,,,,,,,,,,,
rdgB,,,,,,,,,,,,,,,,,,,,,,,
rebM,,,,,,,,,,,,,,,,,,,,,,,
recA,,,,,,,,,,,,,,,,,,,,,,,
recF,,,,,,,,,,,,,,,,,,,,,,,
recJ,,,,,,,,,,,,,,,,,,,,,,,
recN,,,,,,,,,,,,,,,,,,,,,,,
recO,,,,,,,,,,,,,,,,,,,,,,,
recR,,,,,,,,,,,,,,,,,,,,,,,
recU,,,,,,,,,,,,,,,,,,,,,,,
recX,,,,,,,,,,,,,,,,,,,,,,,
resA_1,,,,,,,,,,,,,,,,,,,,,,,
rexB,,,,,,,,,,,,,,,,,,,,,,,
ribF,,,,,,,,,,,,,,,,,,,,,,,
ribU,,,,,,,,,,,,,,,,,,,,,,,
ribX,,,,,,,,,,,,,,,,,,,,,,,
rlmH,,,,,,,,,,,,,,,,,,,,,,,
rlmI,,,,,,,,,,,,,,,,,,,,,,,
rlmN,,,,,,,,,,,,,,,,,,,,,,,
rluB,,,,,,,,,,,,,,,,,,,,,,,
rluD_1,,,,,,,,,,,,,,,,,,,,,,,
rluD_2,,,,,,,,,,,,,,,,,,,,,,,
rnc,,,,,,,,,,,,,,,,,,,,,,,
rnhC,,,,,,,,,,,,,,,,,,,,,,,
rnj1,,,,,,,,,,,,,,,,,,,,,,,
rnj2,,,,,,,,,,,,,,,,,,,,,,,
rnr,,,,,,,,,,,,,,,,,,,,,,,
rnz,,,,,,,,,,,,,,,,,,,,,,,
rodZ,,,,,,,,,,,,,,,,,,,,,,,
rpe,,,,,,,,,,,,,,,,,,,,,,,
rpiA,,,,,,,,,,,,,,,,,,,,,,,
rplB,,,,,,,,,,,,,,,,,,,,,,,
rplC,,,,,,,,,,,,,,,,,,,,,,,
rplD,,,,,,,,,,,,,,,,,,,,,,,
rplE,,,,,,,,,,,,,,,,,,,,,,,
rplF,,,,,,,,,,,,,,,,,,,,,,,
rplI,,,,,,,,,,,,,,,,,,,,,,,
rplN,,,,,,,,,,,,,,,,,,,,,,,
rplO,,,,,,,,,,,,,,,,,,,,,,,
rplP,,,,,,,,,,,,,,,,,,,,,,,
rplQ,,,,,,,,,,,,,,,,,,,,,,,
rplR,,,,,,,,,,,,,,,,,,,,,,,
rplS,,,,,,,,,,,,,,,,,,,,,,,
rplT,,,,,,,,,,,,,,,,,,,,,,,
rplU,,,,,,,,,,,,,,,,,,,,,,,
rplV,,,,,,,,,,,,,,,,,,,,,,,
rplW,,,,,,,,,,,,,,,,,,,,,,,
rplX,,,,,,,,,,,,,,,,,,,,,,,
rpmA,,,,,,,,,,,,,,,,,,,,,,,
rpmB,,,,,,,,,,,,,,,,,,,,,,,
rpmC,,,,,,,,,,,,,,,,,,,,,,,
rpmD,,,,,,,,,,,,,,,,,,,,,,,
rpmH,,,,,,,,,,,,,,,,,,,,,,,
rpmI,,,,,,,,,,,,,,,,,,,,,,,
rpmJ,,,,,,,,,,,,,,,,,,,,,,,
rpoA,,,,,,,,,,,,,,,,,,,,,,,
rpoC,,,,,,,,,,,,,,,,,,,,,,,
rpoE,,,,,,,,,,,,,,,,,,,,,,,
rpoZ,,,,,,,,,,,,,,,,,,,,,,,
rpsA,,,,,,,,,,,,,,,,,,,,,,,
rpsC,,,,,,,,,,,,,,,,,,,,,,,
rpsE,,,,,,,,,,,,,,,,,,,,,,,
rpsF,,,,,,,,,,,,,,,,,,,,,,,
rpsG,,,,,,,,,,,,,,,,,,,,,,,
rpsH,,,,,,,,,,,,,,,,,,,,,,,
rpsJ,,,,,,,,,,,,,,,,,,,,,,,
rpsK,,,,,,,,,,,,,,,,,,,,,,,
rpsL,,,,,,,,,,,,,,,,,,,,,,,
rpsM,,,,,,,,,,,,,,,,,,,,,,,
rpsN2,,,,,,,,,,,,,,,,,,,,,,,
rpsO,,,,,,,,,,,,,,,,,,,,,,,
rpsO_2,,,,,,,,,,,,,,,,,,,,,,,
rpsQ,,,,,,,,,,,,,,,,,,,,,,,
rpsR,,,,,,,,,,,,,,,,,,,,,,,
rpsS,,,,,,,,,,,,,,,,,,,,,,,
rpsU,,,,,,,,,,,,,,,,,,,,,,,
rsfS,,,,,,,,,,,,,,,,,,,,,,,
rsmA,,,,,,,,,,,,,,,,,,,,,,,
rsmB,,,,,,,,,,,,,,,,,,,,,,,
rsmC,,,,,,,,,,,,,,,,,,,,,,,
rsmD,,,,,,,,,,,,,,,,,,,,,,,
rsmE,,,,,,,,,,,,,,,,,,,,,,,
rsmF,,,,,,,,,,,,,,,,,,,,,,,
rsmG,,,,,,,,,,,,,,,,,,,,,,,
rsmH,,,,,,,,,,,,,,,,,,,,,,,
rsmH_2,,,,,,,,,,,,,,,,,,,,,,,
rsmI,,,,,,,,,,,,,,,,,,,,,,,
ruvB_2,,,,,,,,,,,,,,,,,,,,,,,
saeR,,,,,,,,,,,,,,,,,,,,,,,
sapB,,,,,,,,,,,,,,,,,,,,,,,
sarA_3,,,,,,,,,,,,,,,,,,,,,,,
sasA_1,,,,,,,,,,,,,,,,,,,,,,,
sasA_3,,,,,,,,,,,,,,,,,,,,,,,
scpA,,,,,,,,,,,,,,,,,,,,,,,
scpB,,,,,,,,,,,,,,,,,,,,,,,
scrB,,,,,,,,,,,,,,,,,,,,,,,
secE,,,,,,,,,,,,,,,,,,,,,,,
secG,,,,,,,,,,,,,,,,,,,,,,,
secY,,,,,,,,,,,,,,,,,,,,,,,
sepF,,,,,,,,,,,,,,,,,,,,,,,
serS,,,,,,,,,,,,,,,,,,,,,,,
shetA,,,,,,,,,,,,,,,,,,,,,,,
sigA,,,,,,,,,,,,,,,,,,,,,,,
skfE,,,,,,,,,,,,,,,,,,,,,,,
slyA,,,,,,,,,,,,,,,,,,,,,,,
smc,,,,,,,,,,,,,,,,,,,,,,,
smpB,,,,,,,,,,,,,,,,,,,,,,,
sodA,,,,,,,,,,,,,,,,,,,,,,,
sorA,,,,,,,,,,,,,,,,,,,,,,,
spo0J,,,,,,,,,,,,,,,,,,,,,,,
spxA_2,,,,,,,,,,,,,,,,,,,,,,,
srtA,,,,,,,,,,,,,,,,,,,,,,,
sstT,,,,,,,,,,,,,,,,,,,,,,,
sufB_1,,,,,,,,,,,,,,,,,,,,,,,
sufC,,,,,,,,,,,,,,,,,,,,,,,
sufD,,,,,,,,,,,,,,,,,,,,,,,
sufT,,,,,,,,,,,,,,,,,,,,,,,
sufT_1,,,,,,,,,,,,,,,,,,,,,,,
sugC,,,,,,,,,,,,,,,,,,,,,,,
sulA,,,,,,,,,,,,,,,,,,,,,,,
sulD,,,,,,,,,,,,,,,,,,,,,,,
tacF,,,,,,,,,,,,,,,,,,,,,,,
tadA_1,,,,,,,,,,,,,,,,,,,,,,,
tarI,,,,,,,,,,,,,,,,,,,,,,,
tarJ,,,,,,,,,,,,,,,,,,,,,,,
tcyC,,,,,,,,,,,,,,,,,,,,,,,
tcyJ,,,,,,,,,,,,,,,,,,,,,,,
tenA_1,,,,,,,,,,,,,,,,,,,,,,,
thiD,,,,,,,,,,,,,,,,,,,,,,,
thiE_1,,,,,,,,,,,,,,,,,,,,,,,
thiK,,,,,,,,,,,,,,,,,,,,,,,
thiN,,,,,,,,,,,,,,,,,,,,,,,
thiW,,,,,,,,,,,,,,,,,,,,,,,
thiY,,,,,,,,,,,,,,,,,,,,,,,
thrB,,,,,,,,,,,,,,,,,,,,,,,
thrS,,,,,,,,,,,,,,,,,,,,,,,
thyA,,,,,,,,,,,,,,,,,,,,,,,
tilS,,,,,,,,,,,,,,,,,,,,,,,
tkt_1,,,,,,,,,,,,,,,,,,,,,,,
tkt_2,,,,,,,,,,,,,,,,,,,,,,,
tlyA,,,,,,,,,,,,,,,,,,,,,,,
tmcAL,,,,,,,,,,,,,,,,,,,,,,,
tmpC,,,,,,,,,,,,,,,,,,,,,,,
tpiA,,,,,,,,,,,,,,,,,,,,,,,
treR,,,,,,,,,,,,,,,,,,,,,,,
trkA,,,,,,,,,,,,,,,,,,,,,,,
trkG,,,,,,,,,,,,,,,,,,,,,,,
trmB,,,,,,,,,,,,,,,,,,,,,,,
trmFO,,,,,,,,,,,,,,,,,,,,,,,
trmK,,,,,,,,,,,,,,,,,,,,,,,
trmL,,,,,,,,,,,,,,,,,,,,,,,
trpE,,,,,,,,,,,,,,,,,,,,,,,
trpF,,,,,,,,,,,,,,,,,,,,,,,
trpS2,,,,,,,,,,,,,,,,,,,,,,,
truA,,,,,,,,,,,,,,,,,,,,,,,
trxB,,,,,,,,,,,,,,,,,,,,,,,
tsaB,,,,,,,,,,,,,,,,,,,,,,,
tsaE,,,,,,,,,,,,,,,,,,,,,,,
tyrC,,,,,,,,,,,,,,,,,,,,,,,
tyrS,,,,,,,,,,,,,,,,,,,,,,,
ubiE,,,,,,,,,,,,,,,,,,,,,,,
ubiE_1,,,,,,,,,,,,,,,,,,,,,,,
udk_2,,,,,,,,,,,,,,,,,,,,,,,
ugl,,,,,,,,,,,,,,,,,,,,,,,
ugpQ,,,,,,,,,,,,,,,,,,,,,,,
ulaA_1,,,,,,,,,,,,,,,,,,,,,,,
ulaB,,,,,,,,,,,,,,,,,,,,,,,
ulaD,,,,,,,,,,,,,,,,,,,,,,,
ulaG,,,,,,,,,,,,,,,,,,,,,,,
upp,,,,,,,,,,,,,,,,,,,,,,,
uppS,,,,,,,,,,,,,,,,,,,,,,,
uvrC,,,,,,,,,,,,,,,,,,,,,,,
valS,,,,,,,,,,,,,,,,,,,,,,,
veg,,,,,,,,,,,,,,,,,,,,,,,
vncS,,,,,,,,,,,,,,,,,,,,,,,
walK,,,,,,,,,,,,,,,,,,,,,,,
walR,,,,,,,,,,,,,,,,,,,,,,,
whiA,,,,,,,,,,,,,,,,,,,,,,,
xerD,,,,,,,,,,,,,,,,,,,,,,,
xpt,,,,,,,,,,,,,,,,,,,,,,,
xseA,,,,,,,,,,,,,,,,,,,,,,,
xseB,,,,,,,,,,,,,,,,,,,,,,,
yabA,,,,,,,,,,,,,,,,,,,,,,,
yabJ,,,,,,,,,,,,,,,,,,,,,,,
yafQ,,,,,,,,,,,,,,,,,,,,,,,
yajC,,,,,,,,,,,,,,,,,,,,,,,
yajC-1,,,,,,,,,,,,,,,,,,,,,,,
ybaK,,,,,,,,,,,,,,,,,,,,,,,
ybeY,,,,,,,,,,,,,,,,,,,,,,,
ybhL,,,,,,,,,,,,,,,,,,,,,,,
ybiT_2,,,,,,,,,,,,,,,,,,,,,,,
ybiV,,,,,,,,,,,,,,,,,,,,,,,
yccU,,,,,,,,,,,,,,,,,,,,,,,
ychF,,,,,,,,,,,,,,,,,,,,,,,
yclM,,,,,,,,,,,,,,,,,,,,,,,
yclQ,,,,,,,,,,,,,,,,,,,,,,,
ydjF,,,,,,,,,,,,,,,,,,,,,,,
ydjZ,,,,,,,,,,,,,,,,,,,,,,,
yecS,,,,,,,,,,,,,,,,,,,,,,,
yehU,,,,,,,,,,,,,,,,,,,,,,,
yeiH,,,,,,,,,,,,,,,,,,,,,,,
yfhA,,,,,,,,,,,,,,,,,,,,,,,
yfkJ,,,,,,,,,,,,,,,,,,,,,,,
yhaM,,,,,,,,,,,,,,,,,,,,,,,
yhbY,,,,,,,,,,,,,,,,,,,,,,,
yhhT_1,,,,,,,,,,,,,,,,,,,,,,,
yhhT_2,,,,,,,,,,,,,,,,,,,,,,,
yidA_1,,,,,,,,,,,,,,,,,,,,,,,
yidA_2,,,,,,,,,,,,,,,,,,,,,,,
yidC2,,,,,,,,,,,,,,,,,,,,,,,
yidD,,,,,,,,,,,,,,,,,,,,,,,
yitU,,,,,,,,,,,,,,,,,,,,,,,
yjbK,,,,,,,,,,,,,,,,,,,,,,,
yjbM,,,,,,,,,,,,,,,,,,,,,,,
yjhB,,,,,,,,,,,,,,,,,,,,,,,
yknY_2,,,,,,,,,,,,,,,,,,,,,,,
ykuL,,,,,,,,,,,,,,,,,,,,,,,
ykuT,,,,,,,,,,,,,,,,,,,,,,,
ylbL,,,,,,,,,,,,,,,,,,,,,,,
ylmG,,,,,,,,,,,,,,,,,,,,,,,
ylmH,,,,,,,,,,,,,,,,,,,,,,,
yloA,,,,,,,,,,,,,,,,,,,,,,,
ynzC,,,,,,,,,,,,,,,,,,,,,,,
yozE,,,,,,,,,,,,,,,,,,,,,,,
ypmB,,,,,,,,,,,,,,,,,,,,,,,
yqeH,,,,,,,,,,,,,,,,,,,,,,,
yqeN,,,,,,,,,,,,,,,,,,,,,,,
yqfA,,,,,,,,,,,,,,,,,,,,,,,
yqgQ,,,,,,,,,,,,,,,,,,,,,,,
yrrK,,,,,,,,,,,,,,,,,,,,,,,
ytpP,,,,,,,,,,,,,,,,,,,,,,,
ytrA,,,,,,,,,,,,,,,,,,,,,,,
yugI,,,,,,,,,,,,,,,,,,,,,,,
yusV,,,,,,,,,,,,,,,,,,,,,,,
yutD,,,,,,,,,,,,,,,,,,,,,,,
yutF,,,,,,,,,,,,,,,,,,,,,,,
yvcJ,,,,,,,,,,,,,,,,,,,,,,,
yvoA,,,,,,,,,,,,,,,,,,,,,,,
ywlC,,,,,,,,,,,,,,,,,,,,,,,
ywnA,,,,,,,,,,,,,,,,,,,,,,,
yxeN,,,,,,,,,,,,,,,,,,,,,,,
